c_report_date,c_fd_code,c_type1_code,c_type1_name,c_type2_code,c_type2_name,c_updatetime
2025-12-31,000001,001,权益基金,001001,主动权益型基金,2026-03-23 03:00:06.638
2025-12-31,000003,002,固收加基金,002001,可转债基金,2026-03-23 03:00:06.638
2025-12-31,000004,002,固收加基金,002001,可转债基金,2026-03-23 03:00:06.638
2025-12-31,000005,003,债券型基金,003004,债券增强型基金,2026-03-23 03:00:06.638
2025-12-31,000006,001,权益基金,001001,主动权益型基金,2026-03-23 03:00:06.638
2025-12-31,000008,001,权益基金,001003,被动指数型基金,2026-03-23 03:00:06.638
2025-12-31,000009,008,货币型基金,008001,传统货币型基金,2026-03-23 03:00:06.638
2025-12-31,000010,008,货币型基金,008001,传统货币型基金,2026-03-23 03:00:06.638
2025-12-31,000011,001,权益基金,001001,主动权益型基金,2026-03-23 03:00:06.638
2025-12-31,000013,008,货币型基金,008001,传统货币型基金,2026-03-23 03:00:06.638
2025-12-31,000014,002,固收加基金,002002,混合债券型基金,2026-03-23 03:00:06.638
2025-12-31,000015,003,债券型基金,003002,中长期纯债型基金,2026-03-23 03:00:06.638
2025-12-31,000016,003,债券型基金,003002,中长期纯债型基金,2026-03-23 03:00:06.638
2025-12-31,000017,001,权益基金,001001,主动权益型基金,2026-03-23 03:00:06.638
2025-12-31,000020,001,权益基金,001001,主动权益型基金,2026-03-23 03:00:06.638
2025-12-31,000021,001,权益基金,001001,主动权益型基金,2026-03-23 03:00:06.638
2025-12-31,000024,002,固收加基金,002002,混合债券型基金,2026-03-23 03:00:06.638
2025-12-31,000025,002,固收加基金,002002,混合债券型基金,2026-03-23 03:00:06.638
2025-12-31,000028,002,固收加基金,002002,混合债券型基金,2026-03-23 03:00:06.638
2025-12-31,000029,001,权益基金,001001,主动权益型基金,2026-03-23 03:00:06.638
2025-12-31,000030,001,权益基金,001001,主动权益型基金,2026-03-23 03:00:06.638
2025-12-31,000031,001,权益基金,001001,主动权益型基金,2026-03-23 03:00:06.638
2025-12-31,000032,003,债券型基金,003002,中长期纯债型基金,2026-03-23 03:00:06.638
2025-12-31,000033,003,债券型基金,003002,中长期纯债型基金,2026-03-23 03:00:06.638
2025-12-31,000037,003,债券型基金,003002,中长期纯债型基金,2026-03-23 03:00:06.638
2025-12-31,000039,001,权益基金,001001,主动权益型基金,2026-03-23 03:00:06.638
2025-12-31,000042,001,权益基金,001002,指数增强型基金,2026-03-23 03:00:06.638
2025-12-31,000045,002,固收加基金,002002,混合债券型基金,2026-03-23 03:00:06.638
2025-12-31,000046,002,固收加基金,002002,混合债券型基金,2026-03-23 03:00:06.638
2025-12-31,000047,002,固收加基金,002002,混合债券型基金,2026-03-23 03:00:06.638
2025-12-31,000048,002,固收加基金,002002,混合债券型基金,2026-03-23 03:00:06.638
2025-12-31,000051,001,权益基金,001003,被动指数型基金,2026-03-23 03:00:06.638
2025-12-31,000053,003,债券型基金,003002,中长期纯债型基金,2026-03-23 03:00:06.638
2025-12-31,000054,002,固收加基金,002002,混合债券型基金,2026-03-23 03:00:06.638
2025-12-31,000056,001,权益基金,001001,主动权益型基金,2026-03-23 03:00:06.638
2025-12-31,000057,001,权益基金,001001,主动权益型基金,2026-03-23 03:00:06.638
2025-12-31,000058,002,固收加基金,002004,灵活配置型基金,2026-03-23 03:00:06.638
2025-12-31,000059,001,权益基金,001003,被动指数型基金,2026-03-23 03:00:06.638
2025-12-31,000061,001,权益基金,001001,主动权益型基金,2026-03-23 03:00:06.638
2025-12-31,000063,001,权益基金,001001,主动权益型基金,2026-03-23 03:00:06.638
2025-12-31,000064,003,债券型基金,003002,中长期纯债型基金,2026-03-23 03:00:06.638
2025-12-31,000065,002,固收加基金,002004,灵活配置型基金,2026-03-23 03:00:06.638
2025-12-31,000066,001,权益基金,001001,主动权益型基金,2026-03-23 03:00:06.638
2025-12-31,000067,002,固收加基金,002001,可转债基金,2026-03-23 03:00:06.638
2025-12-31,000068,002,固收加基金,002001,可转债基金,2026-03-23 03:00:06.638
2025-12-31,000069,002,固收加基金,002002,混合债券型基金,2026-03-23 03:00:06.638
2025-12-31,000070,002,固收加基金,002002,混合债券型基金,2026-03-23 03:00:06.638
2025-12-31,000072,002,固收加基金,002004,灵活配置型基金,2026-03-23 03:00:06.638
2025-12-31,000073,001,权益基金,001001,主动权益型基金,2026-03-23 03:00:06.638
2025-12-31,000074,003,债券型基金,003002,中长期纯债型基金,2026-03-23 03:00:06.638
2025-12-31,000077,003,债券型基金,003002,中长期纯债型基金,2026-03-23 03:00:06.638
2025-12-31,000078,003,债券型基金,003002,中长期纯债型基金,2026-03-23 03:00:06.638
2025-12-31,000079,003,债券型基金,003002,中长期纯债型基金,2026-03-23 03:00:06.638
2025-12-31,000080,002,固收加基金,002001,可转债基金,2026-03-23 03:00:06.638
2025-12-31,000081,002,固收加基金,002001,可转债基金,2026-03-23 03:00:06.638
2025-12-31,000082,001,权益基金,001001,主动权益型基金,2026-03-23 03:00:06.638
2025-12-31,000083,001,权益基金,001001,主动权益型基金,2026-03-23 03:00:06.638
2025-12-31,000084,003,债券型基金,003001,短期纯债型基金,2026-03-23 03:00:06.638
2025-12-31,000085,003,债券型基金,003001,短期纯债型基金,2026-03-23 03:00:06.638
2025-12-31,000086,003,债券型基金,003002,中长期纯债型基金,2026-03-23 03:00:06.638
2025-12-31,000089,003,债券型基金,003001,短期纯债型基金,2026-03-23 03:00:06.638
2025-12-31,000090,003,债券型基金,003001,短期纯债型基金,2026-03-23 03:00:06.638
2025-12-31,000104,003,债券型基金,003004,债券增强型基金,2026-03-23 03:00:06.638
2025-12-31,000105,003,债券型基金,003002,中长期纯债型基金,2026-03-23 03:00:06.638
2025-12-31,000106,003,债券型基金,003002,中长期纯债型基金,2026-03-23 03:00:06.638
2025-12-31,000107,002,固收加基金,002002,混合债券型基金,2026-03-23 03:00:06.638
2025-12-31,000109,002,固收加基金,002002,混合债券型基金,2026-03-23 03:00:06.638
2025-12-31,000110,004,混合型基金,004003,偏债混合型基金,2026-03-23 03:00:06.638
2025-12-31,000111,003,债券型基金,003002,中长期纯债型基金,2026-03-23 03:00:06.638
2025-12-31,000112,003,债券型基金,003002,中长期纯债型基金,2026-03-23 03:00:06.638
2025-12-31,000116,003,债券型基金,003002,中长期纯债型基金,2026-03-23 03:00:06.638
2025-12-31,000117,001,权益基金,001001,主动权益型基金,2026-03-23 03:00:06.638
2025-12-31,000118,002,固收加基金,002002,混合债券型基金,2026-03-23 03:00:06.638
2025-12-31,000119,002,固收加基金,002002,混合债券型基金,2026-03-23 03:00:06.638
2025-12-31,000120,001,权益基金,001001,主动权益型基金,2026-03-23 03:00:06.638
2025-12-31,000121,002,固收加基金,002003,偏债混合型基金,2026-03-23 03:00:06.638
2025-12-31,000122,002,固收加基金,002002,混合债券型基金,2026-03-23 03:00:06.638
2025-12-31,000123,002,固收加基金,002002,混合债券型基金,2026-03-23 03:00:06.638
2025-12-31,000124,001,权益基金,001001,主动权益型基金,2026-03-23 03:00:06.638
2025-12-31,000126,001,权益基金,001001,主动权益型基金,2026-03-23 03:00:06.638
2025-12-31,000127,001,权益基金,001001,主动权益型基金,2026-03-23 03:00:06.638
2025-12-31,000128,003,债券型基金,003001,短期纯债型基金,2026-03-23 03:00:06.638
2025-12-31,000129,003,债券型基金,003001,短期纯债型基金,2026-03-23 03:00:06.638
2025-12-31,000130,002,固收加基金,002002,混合债券型基金,2026-03-23 03:00:06.638
2025-12-31,000131,002,固收加基金,002002,混合债券型基金,2026-03-23 03:00:06.638
2025-12-31,000134,003,债券型基金,003002,中长期纯债型基金,2026-03-23 03:00:06.638
2025-12-31,000135,003,债券型基金,003002,中长期纯债型基金,2026-03-23 03:00:06.638
2025-12-31,000136,004,混合型基金,004004,灵活配置型基金,2026-03-23 03:00:06.638
2025-12-31,000137,003,债券型基金,003002,中长期纯债型基金,2026-03-23 03:00:06.638
2025-09-30,000001,001,权益基金,001001,主动权益型基金,2025-11-25 18:28:08.629
2025-09-30,000003,002,固收加基金,002001,可转债基金,2025-11-25 18:28:08.629
2025-09-30,000004,002,固收加基金,002001,可转债基金,2025-11-25 18:28:12.612
2025-09-30,000005,003,债券型基金,003004,债券增强型基金,2025-11-25 18:28:12.612
2025-09-30,000006,001,权益基金,001001,主动权益型基金,2025-11-25 18:28:12.612
2025-09-30,000008,001,权益基金,001003,被动指数型基金,2025-11-25 18:28:08.629
2025-09-30,000009,008,货币型基金,008001,传统货币型基金,2025-11-25 18:28:08.629
2025-09-30,000010,008,货币型基金,008001,传统货币型基金,2025-11-25 18:28:08.629
2025-09-30,000011,001,权益基金,001001,主动权益型基金,2025-11-25 18:28:10.844
2025-09-30,000013,008,货币型基金,008001,传统货币型基金,2025-11-25 18:28:08.629
2025-09-30,000014,002,固收加基金,002001,可转债基金,2025-11-25 18:28:10.844
2025-09-30,000015,003,债券型基金,003002,中长期纯债型基金,2025-11-25 18:28:10.844
2025-09-30,000016,003,债券型基金,003002,中长期纯债型基金,2025-11-25 18:28:10.844
2025-09-30,000017,001,权益基金,001001,主动权益型基金,2025-11-25 18:28:10.844
2025-09-30,000020,001,权益基金,001001,主动权益型基金,2025-11-25 18:28:08.629
2025-09-30,000021,001,权益基金,001001,主动权益型基金,2025-11-25 18:28:10.844
2025-09-30,000024,002,固收加基金,002002,混合债券型基金,2025-11-25 18:28:08.629
2025-09-30,000025,002,固收加基金,002002,混合债券型基金,2025-11-25 18:28:12.612
2025-09-30,000028,002,固收加基金,002001,可转债基金,2025-11-25 18:28:08.629
2025-09-30,000029,001,权益基金,001001,主动权益型基金,2025-11-25 18:28:08.629
2025-09-30,000030,004,混合型基金,004004,灵活配置型基金,2025-11-25 18:28:12.612
2025-09-30,000031,001,权益基金,001001,主动权益型基金,2025-11-25 18:28:10.844
2025-09-30,000032,003,债券型基金,003002,中长期纯债型基金,2025-11-25 18:28:10.844
2025-09-30,000033,003,债券型基金,003002,中长期纯债型基金,2025-11-25 18:28:12.612
2025-09-30,000037,003,债券型基金,003002,中长期纯债型基金,2025-11-25 18:28:10.844
2025-09-30,000039,001,权益基金,001001,主动权益型基金,2025-11-25 18:28:10.844
2025-09-30,000042,001,权益基金,001002,指数增强型基金,2025-11-25 18:28:10.844
2025-09-30,000045,002,固收加基金,002002,混合债券型基金,2025-11-25 18:28:10.844
2025-09-30,000046,002,固收加基金,002002,混合债券型基金,2025-11-25 18:28:08.629
2025-09-30,000047,002,固收加基金,002002,混合债券型基金,2025-11-25 18:28:12.612
2025-09-30,000048,002,固收加基金,002002,混合债券型基金,2025-11-25 18:28:10.844
2025-09-30,000051,001,权益基金,001003,被动指数型基金,2025-11-25 18:28:12.612
2025-09-30,000053,003,债券型基金,003002,中长期纯债型基金,2025-11-25 18:28:10.844
2025-09-30,000054,002,固收加基金,002002,混合债券型基金,2025-11-25 18:28:08.629
2025-09-30,000056,001,权益基金,001001,主动权益型基金,2025-11-25 18:28:10.844
2025-09-30,000057,001,权益基金,001001,主动权益型基金,2025-11-25 18:28:08.629
2025-09-30,000058,002,固收加基金,002004,灵活配置型基金,2025-11-25 18:28:08.629
2025-09-30,000059,001,权益基金,001003,被动指数型基金,2025-11-25 18:28:12.612
2025-09-30,000061,001,权益基金,001001,主动权益型基金,2025-11-25 18:28:08.629
2025-09-30,000063,001,权益基金,001001,主动权益型基金,2025-11-25 18:28:08.629
2025-09-30,000064,003,债券型基金,003002,中长期纯债型基金,2025-11-25 18:28:10.844
2025-09-30,000065,002,固收加基金,002004,灵活配置型基金,2025-11-25 18:28:08.629
2025-09-30,000066,001,权益基金,001001,主动权益型基金,2025-11-25 18:28:12.612
2025-09-30,000067,002,固收加基金,002001,可转债基金,2025-11-25 18:28:12.612
2025-09-30,000068,002,固收加基金,002001,可转债基金,2025-11-25 18:28:08.629
2025-09-30,000069,002,固收加基金,002002,混合债券型基金,2025-11-25 18:28:08.629
2025-09-30,000070,002,固收加基金,002002,混合债券型基金,2025-11-25 18:28:10.844
2025-09-30,000072,002,固收加基金,002004,灵活配置型基金,2025-11-25 18:28:12.612
2025-09-30,000073,001,权益基金,001001,主动权益型基金,2025-11-25 18:28:10.844
2025-09-30,000074,003,债券型基金,003002,中长期纯债型基金,2025-11-25 18:28:10.844
2025-09-30,000077,003,债券型基金,003002,中长期纯债型基金,2025-11-25 18:28:10.844
2025-09-30,000078,003,债券型基金,003002,中长期纯债型基金,2025-11-25 18:28:12.612
2025-09-30,000079,003,债券型基金,003002,中长期纯债型基金,2025-11-25 18:28:10.844
2025-09-30,000080,002,固收加基金,002001,可转债基金,2025-11-25 18:28:08.629
2025-09-30,000081,002,固收加基金,002001,可转债基金,2025-11-25 18:28:10.844
2025-09-30,000082,001,权益基金,001001,主动权益型基金,2025-11-25 18:28:08.629
2025-09-30,000083,001,权益基金,001001,主动权益型基金,2025-11-25 18:28:08.629
2025-09-30,000084,003,债券型基金,003001,短期纯债型基金,2025-11-25 18:28:10.844
2025-09-30,000085,003,债券型基金,003001,短期纯债型基金,2025-11-25 18:28:08.629
2025-09-30,000086,003,债券型基金,003002,中长期纯债型基金,2025-11-25 18:28:10.844
2025-09-30,000089,003,债券型基金,003001,短期纯债型基金,2025-11-25 18:28:10.844
2025-09-30,000090,003,债券型基金,003001,短期纯债型基金,2025-11-25 18:28:08.629
2025-09-30,000104,003,债券型基金,003004,债券增强型基金,2025-11-25 18:28:10.844
2025-09-30,000105,003,债券型基金,003002,中长期纯债型基金,2025-11-25 18:28:10.844
2025-09-30,000106,003,债券型基金,003002,中长期纯债型基金,2025-11-25 18:28:08.629
2025-09-30,000107,002,固收加基金,002002,混合债券型基金,2025-11-25 18:28:10.844
2025-09-30,000109,002,固收加基金,002002,混合债券型基金,2025-11-25 18:28:10.844
2025-09-30,000110,004,混合型基金,004003,偏债混合型基金,2025-11-25 18:28:08.629
2025-09-30,000111,003,债券型基金,003002,中长期纯债型基金,2025-11-25 18:28:10.844
2025-09-30,000112,003,债券型基金,003002,中长期纯债型基金,2025-11-25 18:28:08.629
2025-09-30,000116,003,债券型基金,003002,中长期纯债型基金,2025-11-25 18:28:12.612
2025-09-30,000117,001,权益基金,001001,主动权益型基金,2025-11-25 18:28:12.612
2025-09-30,000118,002,固收加基金,002002,混合债券型基金,2025-11-25 18:28:08.629
2025-09-30,000119,002,固收加基金,002002,混合债券型基金,2025-11-25 18:28:10.844
2025-09-30,000120,001,权益基金,001001,主动权益型基金,2025-11-25 18:28:08.629
2025-09-30,000121,002,固收加基金,002003,偏债混合型基金,2025-11-25 18:28:08.629
2025-09-30,000122,002,固收加基金,002002,混合债券型基金,2025-11-25 18:28:12.612
2025-09-30,000123,002,固收加基金,002002,混合债券型基金,2025-11-25 18:28:08.629
2025-09-30,000124,001,权益基金,001001,主动权益型基金,2025-11-25 18:28:08.629
2025-09-30,000126,001,权益基金,001001,主动权益型基金,2025-11-25 18:28:08.629
2025-09-30,000127,001,权益基金,001001,主动权益型基金,2025-11-25 18:28:10.844
2025-09-30,000128,003,债券型基金,003001,短期纯债型基金,2025-11-25 18:28:08.629
2025-09-30,000129,003,债券型基金,003001,短期纯债型基金,2025-11-25 18:28:12.612
2025-09-30,000130,002,固收加基金,002002,混合债券型基金,2025-11-25 18:28:08.629
2025-09-30,000131,002,固收加基金,002002,混合债券型基金,2025-11-25 18:28:08.629
2025-09-30,000134,003,债券型基金,003002,中长期纯债型基金,2025-11-25 18:28:10.844
2025-09-30,000135,003,债券型基金,003002,中长期纯债型基金,2025-11-25 18:28:12.612
2025-09-30,000136,004,混合型基金,004004,灵活配置型基金,2025-11-25 18:28:08.629
2025-09-30,000137,003,债券型基金,003002,中长期纯债型基金,2025-11-25 18:28:10.844
2025-06-30,000001,001,权益基金,001001,主动权益型基金,2025-11-25 18:27:56.395
2025-06-30,000003,002,固收加基金,002001,可转债基金,2025-11-25 18:27:58.722
2025-06-30,000004,002,固收加基金,002001,可转债基金,2025-11-25 18:27:58.722
2025-06-30,000005,003,债券型基金,003004,债券增强型基金,2025-11-25 18:27:58.722
2025-06-30,000006,001,权益基金,001001,主动权益型基金,2025-11-25 18:28:00.195
2025-06-30,000008,001,权益基金,001003,被动指数型基金,2025-11-25 18:27:58.722
2025-06-30,000009,008,货币型基金,008001,传统货币型基金,2025-11-25 18:27:56.395
2025-06-30,000010,008,货币型基金,008001,传统货币型基金,2025-11-25 18:27:58.722
2025-06-30,000011,001,权益基金,001001,主动权益型基金,2025-11-25 18:27:56.395
2025-06-30,000013,008,货币型基金,008001,传统货币型基金,2025-11-25 18:27:58.722
2025-06-30,000014,002,固收加基金,002001,可转债基金,2025-11-25 18:27:56.395
2025-06-30,000015,003,债券型基金,003002,中长期纯债型基金,2025-11-25 18:27:56.395
2025-06-30,000016,003,债券型基金,003002,中长期纯债型基金,2025-11-25 18:27:56.395
2025-06-30,000017,001,权益基金,001001,主动权益型基金,2025-11-25 18:27:56.395
2025-06-30,000020,001,权益基金,001001,主动权益型基金,2025-11-25 18:28:00.195
2025-06-30,000021,001,权益基金,001001,主动权益型基金,2025-11-25 18:27:56.395
2025-06-30,000024,002,固收加基金,002002,混合债券型基金,2025-11-25 18:27:58.722
2025-06-30,000025,002,固收加基金,002002,混合债券型基金,2025-11-25 18:28:00.195
2025-06-30,000028,002,固收加基金,002001,可转债基金,2025-11-25 18:28:00.195
2025-06-30,000029,001,权益基金,001001,主动权益型基金,2025-11-25 18:28:00.195
2025-06-30,000030,004,混合型基金,004004,灵活配置型基金,2025-11-25 18:27:58.722
2025-06-30,000031,001,权益基金,001001,主动权益型基金,2025-11-25 18:27:56.395
2025-06-30,000032,003,债券型基金,003002,中长期纯债型基金,2025-11-25 18:27:58.722
2025-06-30,000033,003,债券型基金,003002,中长期纯债型基金,2025-11-25 18:27:58.722
2025-06-30,000037,003,债券型基金,003002,中长期纯债型基金,2025-11-25 18:27:56.395
2025-06-30,000039,001,权益基金,001001,主动权益型基金,2025-11-25 18:27:58.722
2025-06-30,000042,001,权益基金,001002,指数增强型基金,2025-11-25 18:27:56.395
2025-06-30,000045,002,固收加基金,002002,混合债券型基金,2025-11-25 18:27:56.395
2025-06-30,000046,002,固收加基金,002002,混合债券型基金,2025-11-25 18:27:58.722
2025-06-30,000047,002,固收加基金,002002,混合债券型基金,2025-11-25 18:27:58.722
2025-06-30,000048,002,固收加基金,002002,混合债券型基金,2025-11-25 18:27:56.395
2025-06-30,000051,001,权益基金,001003,被动指数型基金,2025-11-25 18:28:00.195
2025-06-30,000053,003,债券型基金,003002,中长期纯债型基金,2025-11-25 18:27:58.722
2025-06-30,000054,002,固收加基金,002002,混合债券型基金,2025-11-25 18:27:56.395
2025-06-30,000056,001,权益基金,001001,主动权益型基金,2025-11-25 18:27:56.395
2025-06-30,000057,001,权益基金,001001,主动权益型基金,2025-11-25 18:27:56.395
2025-06-30,000058,002,固收加基金,002004,灵活配置型基金,2025-11-25 18:27:58.722
2025-06-30,000059,001,权益基金,001003,被动指数型基金,2025-11-25 18:27:58.722
2025-06-30,000061,001,权益基金,001001,主动权益型基金,2025-11-25 18:27:56.395
2025-06-30,000063,001,权益基金,001001,主动权益型基金,2025-11-25 18:27:56.395
2025-06-30,000064,003,债券型基金,003002,中长期纯债型基金,2025-11-25 18:27:56.395
2025-06-30,000065,002,固收加基金,002004,灵活配置型基金,2025-11-25 18:27:58.722
2025-06-30,000066,001,权益基金,001001,主动权益型基金,2025-11-25 18:27:58.722
2025-06-30,000067,002,固收加基金,002001,可转债基金,2025-11-25 18:28:00.195
2025-06-30,000068,002,固收加基金,002001,可转债基金,2025-11-25 18:27:58.722
2025-06-30,000069,002,固收加基金,002002,混合债券型基金,2025-11-25 18:28:00.195
2025-06-30,000070,002,固收加基金,002002,混合债券型基金,2025-11-25 18:27:56.395
2025-06-30,000072,002,固收加基金,002004,灵活配置型基金,2025-11-25 18:28:00.195
2025-06-30,000073,001,权益基金,001001,主动权益型基金,2025-11-25 18:27:58.722
2025-06-30,000074,003,债券型基金,003002,中长期纯债型基金,2025-11-25 18:27:56.395
2025-06-30,000077,003,债券型基金,003002,中长期纯债型基金,2025-11-25 18:27:56.395
2025-06-30,000078,003,债券型基金,003002,中长期纯债型基金,2025-11-25 18:28:00.195
2025-06-30,000079,003,债券型基金,003002,中长期纯债型基金,2025-11-25 18:27:56.395
2025-06-30,000080,002,固收加基金,002001,可转债基金,2025-11-25 18:28:00.195
2025-06-30,000081,002,固收加基金,002001,可转债基金,2025-11-25 18:27:56.395
2025-06-30,000082,001,权益基金,001001,主动权益型基金,2025-11-25 18:27:56.395
2025-06-30,000083,001,权益基金,001001,主动权益型基金,2025-11-25 18:27:58.722
2025-06-30,000084,003,债券型基金,003001,短期纯债型基金,2025-11-25 18:27:56.395
2025-06-30,000085,003,债券型基金,003001,短期纯债型基金,2025-11-25 18:27:58.722
2025-06-30,000086,003,债券型基金,003002,中长期纯债型基金,2025-11-25 18:27:58.722
2025-06-30,000089,003,债券型基金,003001,短期纯债型基金,2025-11-25 18:27:56.395
2025-06-30,000090,003,债券型基金,003001,短期纯债型基金,2025-11-25 18:27:58.722
2025-06-30,000104,003,债券型基金,003004,债券增强型基金,2025-11-25 18:27:56.395
2025-06-30,000105,003,债券型基金,003002,中长期纯债型基金,2025-11-25 18:27:56.395
2025-06-30,000106,003,债券型基金,003002,中长期纯债型基金,2025-11-25 18:27:58.722
2025-06-30,000107,002,固收加基金,002002,混合债券型基金,2025-11-25 18:27:56.395
2025-06-30,000109,002,固收加基金,002002,混合债券型基金,2025-11-25 18:27:56.395
2025-06-30,000110,004,混合型基金,004003,偏债混合型基金,2025-11-25 18:27:58.722
2025-06-30,000111,003,债券型基金,003002,中长期纯债型基金,2025-11-25 18:27:56.395
2025-06-30,000112,003,债券型基金,003002,中长期纯债型基金,2025-11-25 18:27:56.395
2025-06-30,000116,003,债券型基金,003002,中长期纯债型基金,2025-11-25 18:27:58.722
2025-06-30,000117,001,权益基金,001001,主动权益型基金,2025-11-25 18:28:00.195
2025-06-30,000118,002,固收加基金,002002,混合债券型基金,2025-11-25 18:28:00.195
2025-06-30,000119,002,固收加基金,002002,混合债券型基金,2025-11-25 18:27:56.395
2025-06-30,000120,001,权益基金,001001,主动权益型基金,2025-11-25 18:27:58.722
2025-06-30,000121,002,固收加基金,002003,偏债混合型基金,2025-11-25 18:27:58.722
2025-06-30,000122,002,固收加基金,002001,可转债基金,2025-11-25 18:28:00.195
2025-06-30,000123,002,固收加基金,002001,可转债基金,2025-11-25 18:27:58.722
2025-06-30,000124,001,权益基金,001001,主动权益型基金,2025-11-25 18:28:00.195
2025-06-30,000126,001,权益基金,001001,主动权益型基金,2025-11-25 18:28:00.195
2025-06-30,000127,001,权益基金,001001,主动权益型基金,2025-11-25 18:27:56.395
2025-06-30,000128,003,债券型基金,003001,短期纯债型基金,2025-11-25 18:27:58.722
2025-06-30,000129,003,债券型基金,003001,短期纯债型基金,2025-11-25 18:27:58.722
2025-06-30,000130,002,固收加基金,002002,混合债券型基金,2025-11-25 18:28:00.195
2025-06-30,000131,002,固收加基金,002002,混合债券型基金,2025-11-25 18:27:56.395
2025-06-30,000134,003,债券型基金,003002,中长期纯债型基金,2025-11-25 18:27:56.395
2025-06-30,000135,003,债券型基金,003002,中长期纯债型基金,2025-11-25 18:28:00.195
2025-06-30,000136,004,混合型基金,004004,灵活配置型基金,2025-11-25 18:27:58.722
2025-06-30,000137,003,债券型基金,003002,中长期纯债型基金,2025-11-25 18:27:58.722
2025-12-31,000138,003,债券型基金,003002,中长期纯债型基金,2026-03-23 03:00:06.638
2025-12-31,000139,003,债券型基金,003002,中长期纯债型基金,2026-03-23 03:00:06.638
2025-12-31,000141,003,债券型基金,003002,中长期纯债型基金,2026-03-23 03:00:06.638
2025-12-31,000142,002,固收加基金,002002,混合债券型基金,2026-03-23 03:00:06.638
2025-12-31,000143,002,固收加基金,002002,混合债券型基金,2026-03-23 03:00:06.638
2025-12-31,000147,003,债券型基金,003002,中长期纯债型基金,2026-03-23 03:00:06.638
2025-12-31,000148,003,债券型基金,003002,中长期纯债型基金,2026-03-23 03:00:06.638
2025-12-31,000149,002,固收加基金,002002,混合债券型基金,2026-03-23 03:00:06.638
2025-12-31,000150,002,固收加基金,002002,混合债券型基金,2026-03-23 03:00:06.638
2025-12-31,000152,003,债券型基金,003002,中长期纯债型基金,2026-03-23 03:00:06.638
2025-12-31,000153,003,债券型基金,003002,中长期纯债型基金,2026-03-23 03:00:06.638
2025-12-31,000165,001,权益基金,001001,主动权益型基金,2026-03-23 03:00:06.638
2025-12-31,000166,001,权益基金,001001,主动权益型基金,2026-03-23 03:00:06.638
2025-12-31,000167,001,权益基金,001001,主动权益型基金,2026-03-23 03:00:06.638
2025-12-31,000171,002,固收加基金,002002,混合债券型基金,2026-03-23 03:00:06.638
2025-12-31,000172,001,权益基金,001001,主动权益型基金,2026-03-23 03:00:06.638
2025-12-31,000173,001,权益基金,001001,主动权益型基金,2026-03-23 03:00:06.638
2025-12-31,000174,002,固收加基金,002002,混合债券型基金,2026-03-23 03:00:06.638
2025-12-31,000175,002,固收加基金,002002,混合债券型基金,2026-03-23 03:00:06.638
2025-12-31,000176,001,权益基金,001002,指数增强型基金,2026-03-23 03:00:06.638
2025-12-31,000181,002,固收加基金,002002,混合债券型基金,2026-03-23 03:00:06.638
2025-12-31,000182,002,固收加基金,002002,混合债券型基金,2026-03-23 03:00:06.638
2025-12-31,000183,002,固收加基金,002002,混合债券型基金,2026-03-23 03:00:06.638
2025-12-31,000184,002,固收加基金,002002,混合债券型基金,2026-03-23 03:00:06.638
2025-12-31,000185,002,固收加基金,002002,混合债券型基金,2026-03-23 03:00:06.638
2025-12-31,000186,003,债券型基金,003002,中长期纯债型基金,2026-03-23 03:00:06.638
2025-12-31,000187,003,债券型基金,003002,中长期纯债型基金,2026-03-23 03:00:06.638
2025-12-31,000188,003,债券型基金,003002,中长期纯债型基金,2026-03-23 03:00:06.638
2025-12-31,000189,002,固收加基金,002002,混合债券型基金,2026-03-23 03:00:06.638
2025-12-31,000190,002,固收加基金,002004,灵活配置型基金,2026-03-23 03:00:06.638
2025-12-31,000191,003,债券型基金,003002,中长期纯债型基金,2026-03-23 03:00:06.638
2025-12-31,000192,003,债券型基金,003002,中长期纯债型基金,2026-03-23 03:00:06.638
2025-12-31,000194,003,债券型基金,003002,中长期纯债型基金,2026-03-23 03:00:06.638
2025-12-31,000195,001,权益基金,001001,主动权益型基金,2026-03-23 03:00:06.638
2025-12-31,000196,001,权益基金,001001,主动权益型基金,2026-03-23 03:00:06.638
2025-12-31,000197,003,债券型基金,003002,中长期纯债型基金,2026-03-23 03:00:06.638
2025-12-31,000198,008,货币型基金,008001,传统货币型基金,2026-03-23 03:00:06.638
2025-12-31,000199,001,权益基金,001001,主动权益型基金,2026-03-23 03:00:06.638
2025-12-31,000200,003,债券型基金,003001,短期纯债型基金,2026-03-23 03:00:06.638
2025-12-31,000201,003,债券型基金,003002,中长期纯债型基金,2026-03-23 03:00:06.638
2025-12-31,000203,008,货币型基金,008001,传统货币型基金,2026-03-23 03:00:06.638
2025-12-31,000204,008,货币型基金,008001,传统货币型基金,2026-03-23 03:00:06.638
2025-12-31,000205,003,债券型基金,003002,中长期纯债型基金,2026-03-23 03:00:06.638
2025-12-31,000206,003,债券型基金,003002,中长期纯债型基金,2026-03-23 03:00:06.638
2025-12-31,000207,002,固收加基金,002002,混合债券型基金,2026-03-23 03:00:06.638
2025-12-31,000208,002,固收加基金,002002,混合债券型基金,2026-03-23 03:00:06.638
2025-12-31,000209,001,权益基金,001001,主动权益型基金,2026-03-23 03:00:06.638
2025-12-31,000210,008,货币型基金,008001,传统货币型基金,2026-03-23 03:00:06.638
2025-12-31,000211,008,货币型基金,008001,传统货币型基金,2026-03-23 03:00:06.638
2025-12-31,000212,003,债券型基金,003002,中长期纯债型基金,2026-03-23 03:00:06.638
2025-12-31,000213,003,债券型基金,003002,中长期纯债型基金,2026-03-23 03:00:06.638
2025-12-31,000214,001,权益基金,001001,主动权益型基金,2026-03-23 03:00:06.638
2025-12-31,000215,002,固收加基金,002004,灵活配置型基金,2026-03-23 03:00:06.638
2025-12-31,000219,001,权益基金,001001,主动权益型基金,2026-03-23 03:00:06.638
2025-12-31,000220,001,权益基金,001001,主动权益型基金,2026-03-23 03:00:06.638
2025-12-31,000221,003,债券型基金,003004,债券增强型基金,2026-03-23 03:00:06.638
2025-12-31,000222,003,债券型基金,003004,债券增强型基金,2026-03-23 03:00:06.638
2025-12-31,000227,003,债券型基金,003004,债券增强型基金,2026-03-23 03:00:06.638
2025-12-31,000235,003,债券型基金,003002,中长期纯债型基金,2026-03-23 03:00:06.638
2025-12-31,000236,002,固收加基金,002002,混合债券型基金,2026-03-23 03:00:06.638
2025-12-31,000239,003,债券型基金,003004,债券增强型基金,2026-03-23 03:00:06.638
2025-12-31,000240,003,债券型基金,003004,债券增强型基金,2026-03-23 03:00:06.638
2025-12-31,000241,001,权益基金,001001,主动权益型基金,2026-03-23 03:00:06.638
2025-12-31,000242,001,权益基金,001001,主动权益型基金,2026-03-23 03:00:06.638
2025-12-31,000244,003,债券型基金,003004,债券增强型基金,2026-03-23 03:00:06.638
2025-12-31,000245,003,债券型基金,003004,债券增强型基金,2026-03-23 03:00:06.638
2025-12-31,000248,001,权益基金,001003,被动指数型基金,2026-03-23 03:00:06.638
2025-12-31,000251,001,权益基金,001001,主动权益型基金,2026-03-23 03:00:06.638
2025-12-31,000252,003,债券型基金,003002,中长期纯债型基金,2026-03-23 03:00:06.638
2025-12-31,000253,003,债券型基金,003002,中长期纯债型基金,2026-03-23 03:00:06.638
2025-12-31,000254,002,固收加基金,002002,混合债券型基金,2026-03-23 03:00:06.638
2025-12-31,000255,002,固收加基金,002002,混合债券型基金,2026-03-23 03:00:06.638
2025-12-31,000259,004,混合型基金,004004,灵活配置型基金,2026-03-23 03:00:06.638
2025-12-31,000263,001,权益基金,001001,主动权益型基金,2026-03-23 03:00:06.638
2025-12-31,000264,004,混合型基金,004004,灵活配置型基金,2026-03-23 03:00:06.638
2025-12-31,000265,003,债券型基金,003002,中长期纯债型基金,2026-03-23 03:00:06.638
2025-12-31,000266,003,债券型基金,003002,中长期纯债型基金,2026-03-23 03:00:06.638
2025-12-31,000267,003,债券型基金,003002,中长期纯债型基金,2026-03-23 03:00:06.638
2025-12-31,000268,003,债券型基金,003002,中长期纯债型基金,2026-03-23 03:00:06.638
2025-12-31,000270,001,权益基金,001001,主动权益型基金,2026-03-23 03:00:06.638
2025-12-31,000271,003,债券型基金,003002,中长期纯债型基金,2026-03-23 03:00:06.638
2025-09-30,000138,003,债券型基金,003002,中长期纯债型基金,2025-11-25 18:28:08.629
2025-09-30,000139,003,债券型基金,003002,中长期纯债型基金,2025-11-25 18:28:10.844
2025-09-30,000141,003,债券型基金,003002,中长期纯债型基金,2025-11-25 18:28:12.612
2025-09-30,000142,002,固收加基金,002002,混合债券型基金,2025-11-25 18:28:10.844
2025-09-30,000143,002,固收加基金,002002,混合债券型基金,2025-11-25 18:28:08.629
2025-09-30,000147,003,债券型基金,003002,中长期纯债型基金,2025-11-25 18:28:08.629
2025-09-30,000148,003,债券型基金,003002,中长期纯债型基金,2025-11-25 18:28:12.612
2025-09-30,000149,002,固收加基金,002002,混合债券型基金,2025-11-25 18:28:10.844
2025-09-30,000150,002,固收加基金,002002,混合债券型基金,2025-11-25 18:28:08.629
2025-09-30,000152,003,债券型基金,003002,中长期纯债型基金,2025-11-25 18:28:08.629
2025-09-30,000153,003,债券型基金,003002,中长期纯债型基金,2025-11-25 18:28:08.629
2025-09-30,000165,001,权益基金,001001,主动权益型基金,2025-11-25 18:28:08.629
2025-09-30,000166,001,权益基金,001001,主动权益型基金,2025-11-25 18:28:08.629
2025-09-30,000167,001,权益基金,001001,主动权益型基金,2025-11-25 18:28:08.629
2025-09-30,000171,002,固收加基金,002002,混合债券型基金,2025-11-25 18:28:08.629
2025-09-30,000172,001,权益基金,001001,主动权益型基金,2025-11-25 18:28:08.629
2025-09-30,000173,001,权益基金,001001,主动权益型基金,2025-11-25 18:28:10.844
2025-09-30,000174,002,固收加基金,002002,混合债券型基金,2025-11-25 18:28:12.612
2025-09-30,000175,002,固收加基金,002002,混合债券型基金,2025-11-25 18:28:12.612
2025-09-30,000176,001,权益基金,001002,指数增强型基金,2025-11-25 18:28:12.612
2025-09-30,000181,002,固收加基金,002002,混合债券型基金,2025-11-25 18:28:10.844
2025-09-30,000182,002,固收加基金,002002,混合债券型基金,2025-11-25 18:28:10.844
2025-09-30,000183,002,固收加基金,002002,混合债券型基金,2025-11-25 18:28:12.612
2025-09-30,000184,002,固收加基金,002002,混合债券型基金,2025-11-25 18:28:08.629
2025-09-30,000185,002,固收加基金,002002,混合债券型基金,2025-11-25 18:28:08.629
2025-09-30,000186,003,债券型基金,003002,中长期纯债型基金,2025-11-25 18:28:10.844
2025-09-30,000187,003,债券型基金,003002,中长期纯债型基金,2025-11-25 18:28:08.629
2025-09-30,000188,003,债券型基金,003002,中长期纯债型基金,2025-11-25 18:28:10.844
2025-09-30,000189,002,固收加基金,002002,混合债券型基金,2025-11-25 18:28:08.629
2025-09-30,000190,002,固收加基金,002004,灵活配置型基金,2025-11-25 18:28:10.844
2025-09-30,000191,003,债券型基金,003002,中长期纯债型基金,2025-11-25 18:28:08.629
2025-09-30,000192,003,债券型基金,003002,中长期纯债型基金,2025-11-25 18:28:08.629
2025-09-30,000194,003,债券型基金,003002,中长期纯债型基金,2025-11-25 18:28:12.612
2025-09-30,000195,001,权益基金,001001,主动权益型基金,2025-11-25 18:28:10.844
2025-09-30,000196,001,权益基金,001001,主动权益型基金,2025-11-25 18:28:12.612
2025-09-30,000197,003,债券型基金,003002,中长期纯债型基金,2025-11-25 18:28:10.844
2025-09-30,000198,008,货币型基金,008001,传统货币型基金,2025-11-25 18:28:08.629
2025-09-30,000199,001,权益基金,001001,主动权益型基金,2025-11-25 18:28:08.629
2025-09-30,000200,003,债券型基金,003001,短期纯债型基金,2025-11-25 18:28:10.844
2025-09-30,000201,003,债券型基金,003002,中长期纯债型基金,2025-11-25 18:28:10.844
2025-09-30,000203,008,货币型基金,008001,传统货币型基金,2025-11-25 18:28:10.844
2025-09-30,000204,008,货币型基金,008001,传统货币型基金,2025-11-25 18:28:10.844
2025-09-30,000205,003,债券型基金,003002,中长期纯债型基金,2025-11-25 18:28:12.612
2025-09-30,000206,003,债券型基金,003002,中长期纯债型基金,2025-11-25 18:28:10.844
2025-09-30,000207,002,固收加基金,002002,混合债券型基金,2025-11-25 18:28:12.612
2025-09-30,000208,002,固收加基金,002002,混合债券型基金,2025-11-25 18:28:10.844
2025-09-30,000209,001,权益基金,001001,主动权益型基金,2025-11-25 18:28:08.629
2025-09-30,000210,008,货币型基金,008001,传统货币型基金,2025-11-25 18:28:10.844
2025-09-30,000211,008,货币型基金,008001,传统货币型基金,2025-11-25 18:28:08.629
2025-09-30,000212,003,债券型基金,003002,中长期纯债型基金,2025-11-25 18:28:12.612
2025-09-30,000213,003,债券型基金,003002,中长期纯债型基金,2025-11-25 18:28:12.612
2025-09-30,000214,001,权益基金,001001,主动权益型基金,2025-11-25 18:28:08.629
2025-09-30,000215,002,固收加基金,002004,灵活配置型基金,2025-11-25 18:28:10.844
2025-09-30,000219,001,权益基金,001001,主动权益型基金,2025-11-25 18:28:10.844
2025-09-30,000220,001,权益基金,001001,主动权益型基金,2025-11-25 18:28:08.629
2025-09-30,000221,003,债券型基金,003004,债券增强型基金,2025-11-25 18:28:10.844
2025-09-30,000222,003,债券型基金,003004,债券增强型基金,2025-11-25 18:28:08.629
2025-09-30,000227,003,债券型基金,003004,债券增强型基金,2025-11-25 18:28:12.612
2025-09-30,000235,003,债券型基金,003002,中长期纯债型基金,2025-11-25 18:28:10.844
2025-09-30,000236,002,固收加基金,002002,混合债券型基金,2025-11-25 18:28:08.629
2025-09-30,000239,003,债券型基金,003004,债券增强型基金,2025-11-25 18:28:10.844
2025-09-30,000240,003,债券型基金,003004,债券增强型基金,2025-11-25 18:28:08.629
2025-09-30,000241,001,权益基金,001001,主动权益型基金,2025-11-25 18:28:10.844
2025-09-30,000242,001,权益基金,001001,主动权益型基金,2025-11-25 18:28:08.629
2025-09-30,000244,003,债券型基金,003004,债券增强型基金,2025-11-25 18:28:12.612
2025-09-30,000245,003,债券型基金,003004,债券增强型基金,2025-11-25 18:28:08.629
2025-09-30,000248,001,权益基金,001003,被动指数型基金,2025-11-25 18:28:08.629
2025-09-30,000251,001,权益基金,001001,主动权益型基金,2025-11-25 18:28:12.612
2025-09-30,000252,003,债券型基金,003002,中长期纯债型基金,2025-11-25 18:28:08.629
2025-09-30,000253,003,债券型基金,003002,中长期纯债型基金,2025-11-25 18:28:10.844
2025-09-30,000254,002,固收加基金,002002,混合债券型基金,2025-11-25 18:28:10.844
2025-09-30,000255,002,固收加基金,002002,混合债券型基金,2025-11-25 18:28:08.629
2025-09-30,000259,001,权益基金,001001,主动权益型基金,2025-11-25 18:28:08.629
2025-09-30,000263,001,权益基金,001001,主动权益型基金,2025-11-25 18:28:10.844
2025-09-30,000264,004,混合型基金,004004,灵活配置型基金,2025-11-25 18:28:12.612
2025-09-30,000265,003,债券型基金,003002,中长期纯债型基金,2025-11-25 18:28:08.629
2025-09-30,000266,003,债券型基金,003002,中长期纯债型基金,2025-11-25 18:28:08.629
2025-09-30,000267,003,债券型基金,003002,中长期纯债型基金,2025-11-25 18:28:08.629
2025-09-30,000268,003,债券型基金,003002,中长期纯债型基金,2025-11-25 18:28:10.844
2025-09-30,000270,001,权益基金,001001,主动权益型基金,2025-11-25 18:28:12.612
2025-09-30,000271,003,债券型基金,003002,中长期纯债型基金,2025-11-25 18:28:10.844
2025-06-30,000138,003,债券型基金,003002,中长期纯债型基金,2025-11-25 18:27:58.722
2025-06-30,000139,003,债券型基金,003002,中长期纯债型基金,2025-11-25 18:27:56.395
2025-06-30,000141,003,债券型基金,003002,中长期纯债型基金,2025-11-25 18:27:58.722
2025-06-30,000142,002,固收加基金,002002,混合债券型基金,2025-11-25 18:27:56.395
2025-06-30,000143,002,固收加基金,002002,混合债券型基金,2025-11-25 18:27:58.722
2025-06-30,000147,003,债券型基金,003002,中长期纯债型基金,2025-11-25 18:27:58.722
2025-06-30,000148,003,债券型基金,003002,中长期纯债型基金,2025-11-25 18:27:58.722
2025-06-30,000149,002,固收加基金,002002,混合债券型基金,2025-11-25 18:27:56.395
2025-06-30,000150,002,固收加基金,002002,混合债券型基金,2025-11-25 18:27:58.722
2025-06-30,000152,003,债券型基金,003002,中长期纯债型基金,2025-11-25 18:27:56.395
2025-06-30,000153,003,债券型基金,003002,中长期纯债型基金,2025-11-25 18:27:56.395
2025-06-30,000165,001,权益基金,001001,主动权益型基金,2025-11-25 18:28:00.195
2025-06-30,000166,001,权益基金,001001,主动权益型基金,2025-11-25 18:28:00.195
2025-06-30,000167,001,权益基金,001001,主动权益型基金,2025-11-25 18:27:56.395
2025-06-30,000171,002,固收加基金,002002,混合债券型基金,2025-11-25 18:27:56.395
2025-06-30,000172,001,权益基金,001001,主动权益型基金,2025-11-25 18:28:00.195
2025-06-30,000173,001,权益基金,001001,主动权益型基金,2025-11-25 18:27:56.395
2025-06-30,000174,002,固收加基金,002002,混合债券型基金,2025-11-25 18:28:00.195
2025-06-30,000175,002,固收加基金,002002,混合债券型基金,2025-11-25 18:27:58.722
2025-06-30,000176,001,权益基金,001002,指数增强型基金,2025-11-25 18:28:00.195
2025-06-30,000181,002,固收加基金,002002,混合债券型基金,2025-11-25 18:27:58.722
2025-06-30,000182,002,固收加基金,002002,混合债券型基金,2025-11-25 18:27:56.395
2025-06-30,000183,002,固收加基金,002002,混合债券型基金,2025-11-25 18:27:58.722
2025-06-30,000184,002,固收加基金,002001,可转债基金,2025-11-25 18:27:58.722
2025-06-30,000185,002,固收加基金,002001,可转债基金,2025-11-25 18:28:00.195
2025-06-30,000186,003,债券型基金,003002,中长期纯债型基金,2025-11-25 18:27:56.395
2025-06-30,000187,003,债券型基金,003002,中长期纯债型基金,2025-11-25 18:28:00.195
2025-06-30,000188,003,债券型基金,003002,中长期纯债型基金,2025-11-25 18:27:58.722
2025-06-30,000189,002,固收加基金,002002,混合债券型基金,2025-11-25 18:27:58.722
2025-06-30,000190,002,固收加基金,002004,灵活配置型基金,2025-11-25 18:27:56.395
2025-06-30,000191,003,债券型基金,003002,中长期纯债型基金,2025-11-25 18:27:58.722
2025-06-30,000192,003,债券型基金,003002,中长期纯债型基金,2025-11-25 18:27:58.722
2025-06-30,000194,003,债券型基金,003002,中长期纯债型基金,2025-11-25 18:28:00.195
2025-06-30,000195,001,权益基金,001001,主动权益型基金,2025-11-25 18:27:58.722
2025-06-30,000196,001,权益基金,001001,主动权益型基金,2025-11-25 18:27:58.722
2025-06-30,000197,003,债券型基金,003002,中长期纯债型基金,2025-11-25 18:27:58.722
2025-06-30,000198,008,货币型基金,008001,传统货币型基金,2025-11-25 18:27:58.722
2025-06-30,000199,001,权益基金,001001,主动权益型基金,2025-11-25 18:28:00.195
2025-06-30,000200,003,债券型基金,003001,短期纯债型基金,2025-11-25 18:27:56.395
2025-06-30,000201,003,债券型基金,003002,中长期纯债型基金,2025-11-25 18:27:56.395
2025-06-30,000203,008,货币型基金,008001,传统货币型基金,2025-11-25 18:27:56.395
2025-06-30,000204,008,货币型基金,008001,传统货币型基金,2025-11-25 18:27:58.722
2025-06-30,000205,003,债券型基金,003002,中长期纯债型基金,2025-11-25 18:28:00.195
2025-06-30,000206,003,债券型基金,003002,中长期纯债型基金,2025-11-25 18:27:58.722
2025-06-30,000207,002,固收加基金,002002,混合债券型基金,2025-11-25 18:28:00.195
2025-06-30,000208,002,固收加基金,002002,混合债券型基金,2025-11-25 18:27:56.395
2025-06-30,000209,001,权益基金,001001,主动权益型基金,2025-11-25 18:28:00.195
2025-06-30,000210,008,货币型基金,008001,传统货币型基金,2025-11-25 18:27:58.722
2025-06-30,000211,008,货币型基金,008001,传统货币型基金,2025-11-25 18:27:58.722
2025-06-30,000212,003,债券型基金,003002,中长期纯债型基金,2025-11-25 18:27:58.722
2025-06-30,000213,003,债券型基金,003002,中长期纯债型基金,2025-11-25 18:28:00.195
2025-06-30,000214,001,权益基金,001001,主动权益型基金,2025-11-25 18:27:58.722
2025-06-30,000215,002,固收加基金,002004,灵活配置型基金,2025-11-25 18:27:56.395
2025-06-30,000219,004,混合型基金,004004,灵活配置型基金,2025-11-25 18:27:58.722
2025-06-30,000220,001,权益基金,001001,主动权益型基金,2025-11-25 18:28:00.195
2025-06-30,000221,003,债券型基金,003004,债券增强型基金,2025-11-25 18:27:56.395
2025-06-30,000222,003,债券型基金,003004,债券增强型基金,2025-11-25 18:27:56.395
2025-06-30,000227,003,债券型基金,003004,债券增强型基金,2025-11-25 18:28:00.195
2025-06-30,000235,003,债券型基金,003002,中长期纯债型基金,2025-11-25 18:27:56.395
2025-06-30,000236,002,固收加基金,002002,混合债券型基金,2025-11-25 18:27:56.395
2025-06-30,000239,002,固收加基金,002002,混合债券型基金,2025-11-25 18:27:58.722
2025-06-30,000240,002,固收加基金,002002,混合债券型基金,2025-11-25 18:27:56.395
2025-06-30,000241,004,混合型基金,004004,灵活配置型基金,2025-11-25 18:27:56.395
2025-06-30,000242,001,权益基金,001001,主动权益型基金,2025-11-25 18:27:56.395
2025-06-30,000244,003,债券型基金,003004,债券增强型基金,2025-11-25 18:28:00.195
2025-06-30,000245,003,债券型基金,003004,债券增强型基金,2025-11-25 18:27:58.722
2025-06-30,000248,001,权益基金,001003,被动指数型基金,2025-11-25 18:27:56.395
2025-06-30,000251,001,权益基金,001001,主动权益型基金,2025-11-25 18:27:58.722
2025-06-30,000252,003,债券型基金,003002,中长期纯债型基金,2025-11-25 18:27:58.722
2025-06-30,000253,003,债券型基金,003002,中长期纯债型基金,2025-11-25 18:27:56.395
2025-06-30,000254,002,固收加基金,002002,混合债券型基金,2025-11-25 18:27:56.395
2025-06-30,000255,002,固收加基金,002002,混合债券型基金,2025-11-25 18:27:56.395
2025-06-30,000259,001,权益基金,001001,主动权益型基金,2025-11-25 18:27:58.722
2025-06-30,000263,001,权益基金,001001,主动权益型基金,2025-11-25 18:27:56.395
2025-06-30,000264,004,混合型基金,004004,灵活配置型基金,2025-11-25 18:27:58.722
2025-06-30,000265,003,债券型基金,003002,中长期纯债型基金,2025-11-25 18:27:58.722
2025-06-30,000266,003,债券型基金,003002,中长期纯债型基金,2025-11-25 18:27:58.722
2025-06-30,000267,003,债券型基金,003002,中长期纯债型基金,2025-11-25 18:27:58.722
2025-06-30,000268,003,债券型基金,003002,中长期纯债型基金,2025-11-25 18:27:56.395
2025-06-30,000270,001,权益基金,001001,主动权益型基金,2025-11-25 18:27:58.722
2025-06-30,000271,003,债券型基金,003002,中长期纯债型基金,2025-11-25 18:27:56.395
2025-12-31,000272,003,债券型基金,003002,中长期纯债型基金,2026-03-23 03:00:06.638
2025-12-31,000273,001,权益基金,001001,主动权益型基金,2026-03-23 03:00:06.638
2025-12-31,000277,003,债券型基金,003002,中长期纯债型基金,2026-03-23 03:00:06.638
2025-12-31,000279,001,权益基金,001001,主动权益型基金,2026-03-23 03:00:06.638
2025-12-31,000286,002,固收加基金,002002,混合债券型基金,2026-03-23 03:00:06.638
2025-12-31,000289,003,债券型基金,003004,债券增强型基金,2026-03-23 03:00:06.638
2025-12-31,000294,001,权益基金,001001,主动权益型基金,2026-03-23 03:00:06.638
2025-12-31,000295,003,债券型基金,003004,债券增强型基金,2026-03-23 03:00:06.638
2025-12-31,000296,003,债券型基金,003004,债券增强型基金,2026-03-23 03:00:06.638
2025-12-31,000297,002,固收加基金,002001,可转债基金,2026-03-23 03:00:06.638
2025-12-31,000298,003,债券型基金,003002,中长期纯债型基金,2026-03-23 03:00:06.638
2025-12-31,000299,003,债券型基金,003002,中长期纯债型基金,2026-03-23 03:00:06.638
2025-12-31,000300,008,货币型基金,008001,传统货币型基金,2026-03-23 03:00:06.638
2025-12-31,000301,008,货币型基金,008001,传统货币型基金,2026-03-23 03:00:06.638
2025-12-31,000305,003,债券型基金,003002,中长期纯债型基金,2026-03-23 03:00:06.638
2025-12-31,000306,003,债券型基金,003004,债券增强型基金,2026-03-23 03:00:06.638
2025-12-31,000308,001,权益基金,001001,主动权益型基金,2026-03-23 03:00:06.638
2025-12-31,000309,001,权益基金,001001,主动权益型基金,2026-03-23 03:00:06.638
2025-12-31,000310,002,固收加基金,002002,混合债券型基金,2026-03-23 03:00:06.638
2025-12-31,000311,001,权益基金,001002,指数增强型基金,2026-03-23 03:00:06.638
2025-12-31,000312,001,权益基金,001002,指数增强型基金,2026-03-23 03:00:06.638
2025-12-31,000313,001,权益基金,001002,指数增强型基金,2026-03-23 03:00:06.638
2025-12-31,000314,001,权益基金,001001,主动权益型基金,2026-03-23 03:00:06.638
2025-12-31,000319,003,债券型基金,003004,债券增强型基金,2026-03-23 03:00:06.638
2025-12-31,000320,003,债券型基金,003004,债券增强型基金,2026-03-23 03:00:06.638
2025-12-31,000322,003,债券型基金,003001,短期纯债型基金,2026-03-23 03:00:06.638
2025-12-31,000324,008,货币型基金,008001,传统货币型基金,2026-03-23 03:00:06.638
2025-12-31,000325,008,货币型基金,008001,传统货币型基金,2026-03-23 03:00:06.638
2025-12-31,000326,001,权益基金,001001,主动权益型基金,2026-03-23 03:00:06.638
2025-12-31,000327,001,权益基金,001001,主动权益型基金,2026-03-23 03:00:06.638
2025-12-31,000328,001,权益基金,001001,主动权益型基金,2026-03-23 03:00:06.638
2025-12-31,000329,003,债券型基金,003004,债券增强型基金,2026-03-23 03:00:06.638
2025-12-31,000330,008,货币型基金,008001,传统货币型基金,2026-03-23 03:00:06.638
2025-12-31,000331,008,货币型基金,008001,传统货币型基金,2026-03-23 03:00:06.638
2025-12-31,000332,008,货币型基金,008001,传统货币型基金,2026-03-23 03:00:06.638
2025-12-31,000333,002,固收加基金,002002,混合债券型基金,2026-03-23 03:00:06.638
2025-12-31,000334,002,固收加基金,002002,混合债券型基金,2026-03-23 03:00:06.638
2025-12-31,000335,002,固收加基金,002002,混合债券型基金,2026-03-23 03:00:06.638
2025-12-31,000336,001,权益基金,001001,主动权益型基金,2026-03-23 03:00:06.638
2025-12-31,000338,002,固收加基金,002002,混合债券型基金,2026-03-23 03:00:06.638
2025-12-31,000339,001,权益基金,001001,主动权益型基金,2026-03-23 03:00:06.638
2025-12-31,000343,008,货币型基金,008001,传统货币型基金,2026-03-23 03:00:06.638
2025-12-31,000345,003,债券型基金,003004,债券增强型基金,2026-03-23 03:00:06.638
2025-12-31,000346,003,债券型基金,003004,债券增强型基金,2026-03-23 03:00:06.638
2025-12-31,000347,003,债券型基金,003004,债券增强型基金,2026-03-23 03:00:06.638
2025-12-31,000351,002,固收加基金,002002,混合债券型基金,2026-03-23 03:00:06.638
2025-12-31,000352,002,固收加基金,002002,混合债券型基金,2026-03-23 03:00:06.638
2025-12-31,000354,001,权益基金,001001,主动权益型基金,2026-03-23 03:00:06.638
2025-12-31,000355,003,债券型基金,003004,债券增强型基金,2026-03-23 03:00:06.638
2025-12-31,000356,003,债券型基金,003004,债券增强型基金,2026-03-23 03:00:06.638
2025-12-31,000359,008,货币型基金,008001,传统货币型基金,2026-03-23 03:00:06.638
2025-12-31,000362,001,权益基金,001001,主动权益型基金,2026-03-23 03:00:06.638
2025-12-31,000363,001,权益基金,001001,主动权益型基金,2026-03-23 03:00:06.638
2025-12-31,000366,008,货币型基金,008001,传统货币型基金,2026-03-23 03:00:06.638
2025-12-31,000367,002,固收加基金,002003,偏债混合型基金,2026-03-23 03:00:06.638
2025-12-31,000368,001,权益基金,001003,被动指数型基金,2026-03-23 03:00:06.638
2025-12-31,000371,008,货币型基金,008001,传统货币型基金,2026-03-23 03:00:06.638
2025-12-31,000372,003,债券型基金,003002,中长期纯债型基金,2026-03-23 03:00:06.638
2025-12-31,000373,001,权益基金,001003,被动指数型基金,2026-03-23 03:00:06.638
2025-12-31,000376,001,权益基金,001003,被动指数型基金,2026-03-23 03:00:06.638
2025-12-31,000377,002,固收加基金,002002,混合债券型基金,2026-03-23 03:00:06.638
2025-12-31,000378,002,固收加基金,002002,混合债券型基金,2026-03-23 03:00:06.638
2025-12-31,000379,008,货币型基金,008001,传统货币型基金,2026-03-23 03:00:06.638
2025-12-31,000380,008,货币型基金,008001,传统货币型基金,2026-03-23 03:00:06.638
2025-12-31,000381,008,货币型基金,008001,传统货币型基金,2026-03-23 03:00:06.638
2025-12-31,000385,002,固收加基金,002002,混合债券型基金,2026-03-23 03:00:06.638
2025-12-31,000386,002,固收加基金,002002,混合债券型基金,2026-03-23 03:00:06.638
2025-12-31,000389,008,货币型基金,008001,传统货币型基金,2026-03-23 03:00:06.638
2025-12-31,000390,001,权益基金,001001,主动权益型基金,2026-03-23 03:00:06.638
2025-12-31,000394,003,债券型基金,003001,短期纯债型基金,2026-03-23 03:00:06.638
2025-12-31,000395,003,债券型基金,003002,中长期纯债型基金,2026-03-23 03:00:06.638
2025-12-31,000396,003,债券型基金,003002,中长期纯债型基金,2026-03-23 03:00:06.638
2025-12-31,000397,008,货币型基金,008001,传统货币型基金,2026-03-23 03:00:06.638
2025-09-30,000272,003,债券型基金,003002,中长期纯债型基金,2025-11-25 18:28:12.612
2025-09-30,000273,001,权益基金,001001,主动权益型基金,2025-11-25 18:28:12.612
2025-09-30,000277,003,债券型基金,003002,中长期纯债型基金,2025-11-25 18:28:10.844
2025-09-30,000279,001,权益基金,001001,主动权益型基金,2025-11-25 18:28:10.844
2025-09-30,000286,002,固收加基金,002002,混合债券型基金,2025-11-25 18:28:10.844
2025-09-30,000289,003,债券型基金,003004,债券增强型基金,2025-11-25 18:28:08.629
2025-09-30,000294,001,权益基金,001001,主动权益型基金,2025-11-25 18:28:08.629
2025-09-30,000295,003,债券型基金,003004,债券增强型基金,2025-11-25 18:28:10.844
2025-09-30,000296,003,债券型基金,003004,债券增强型基金,2025-11-25 18:28:10.844
2025-09-30,000297,002,固收加基金,002001,可转债基金,2025-11-25 18:28:08.629
2025-09-30,000298,003,债券型基金,003002,中长期纯债型基金,2025-11-25 18:28:10.844
2025-09-30,000299,003,债券型基金,003002,中长期纯债型基金,2025-11-25 18:28:10.844
2025-09-30,000300,008,货币型基金,008001,传统货币型基金,2025-11-25 18:28:10.844
2025-09-30,000301,008,货币型基金,008001,传统货币型基金,2025-11-25 18:28:12.612
2025-09-30,000305,003,债券型基金,003002,中长期纯债型基金,2025-11-25 18:28:08.629
2025-09-30,000306,003,债券型基金,003004,债券增强型基金,2025-11-25 18:28:10.844
2025-09-30,000308,001,权益基金,001001,主动权益型基金,2025-11-25 18:28:08.629
2025-09-30,000309,001,权益基金,001001,主动权益型基金,2025-11-25 18:28:12.612
2025-09-30,000310,002,固收加基金,002002,混合债券型基金,2025-11-25 18:28:08.629
2025-09-30,000311,001,权益基金,001002,指数增强型基金,2025-11-25 18:28:08.629
2025-09-30,000312,001,权益基金,001002,指数增强型基金,2025-11-25 18:28:08.629
2025-09-30,000313,001,权益基金,001002,指数增强型基金,2025-11-25 18:28:10.844
2025-09-30,000314,001,权益基金,001001,主动权益型基金,2025-11-25 18:28:08.629
2025-09-30,000319,003,债券型基金,003004,债券增强型基金,2025-11-25 18:28:08.629
2025-09-30,000320,003,债券型基金,003004,债券增强型基金,2025-11-25 18:28:12.612
2025-09-30,000322,003,债券型基金,003001,短期纯债型基金,2025-11-25 18:28:12.612
2025-09-30,000324,008,货币型基金,008001,传统货币型基金,2025-11-25 18:28:08.629
2025-09-30,000325,008,货币型基金,008001,传统货币型基金,2025-11-25 18:28:08.629
2025-09-30,000326,001,权益基金,001001,主动权益型基金,2025-11-25 18:28:08.629
2025-09-30,000327,001,权益基金,001001,主动权益型基金,2025-11-25 18:28:10.844
2025-09-30,000328,001,权益基金,001001,主动权益型基金,2025-11-25 18:28:10.844
2025-09-30,000329,003,债券型基金,003004,债券增强型基金,2025-11-25 18:28:12.612
2025-09-30,000330,008,货币型基金,008001,传统货币型基金,2025-11-25 18:28:10.844
2025-09-30,000331,008,货币型基金,008001,传统货币型基金,2025-11-25 18:28:08.629
2025-09-30,000332,008,货币型基金,008001,传统货币型基金,2025-11-25 18:28:08.629
2025-09-30,000333,002,固收加基金,002002,混合债券型基金,2025-11-25 18:28:08.629
2025-09-30,000334,002,固收加基金,002002,混合债券型基金,2025-11-25 18:28:10.844
2025-09-30,000335,002,固收加基金,002002,混合债券型基金,2025-11-25 18:28:12.612
2025-09-30,000336,001,权益基金,001001,主动权益型基金,2025-11-25 18:28:10.844
2025-09-30,000338,002,固收加基金,002002,混合债券型基金,2025-11-25 18:28:08.629
2025-09-30,000339,001,权益基金,001001,主动权益型基金,2025-11-25 18:28:10.844
2025-09-30,000343,008,货币型基金,008001,传统货币型基金,2025-11-25 18:28:10.844
2025-09-30,000345,003,债券型基金,003004,债券增强型基金,2025-11-25 18:28:08.629
2025-09-30,000346,003,债券型基金,003004,债券增强型基金,2025-11-25 18:28:08.629
2025-09-30,000347,003,债券型基金,003004,债券增强型基金,2025-11-25 18:28:08.629
2025-09-30,000351,002,固收加基金,002002,混合债券型基金,2025-11-25 18:28:08.629
2025-09-30,000352,002,固收加基金,002002,混合债券型基金,2025-11-25 18:28:10.844
2025-09-30,000354,001,权益基金,001001,主动权益型基金,2025-11-25 18:28:10.844
2025-09-30,000355,003,债券型基金,003004,债券增强型基金,2025-11-25 18:28:10.844
2025-09-30,000356,003,债券型基金,003004,债券增强型基金,2025-11-25 18:28:12.612
2025-09-30,000359,008,货币型基金,008001,传统货币型基金,2025-11-25 18:28:08.629
2025-09-30,000362,001,权益基金,001001,主动权益型基金,2025-11-25 18:28:12.612
2025-09-30,000363,001,权益基金,001001,主动权益型基金,2025-11-25 18:28:10.844
2025-09-30,000366,008,货币型基金,008001,传统货币型基金,2025-11-25 18:28:08.629
2025-09-30,000367,002,固收加基金,002003,偏债混合型基金,2025-11-25 18:28:08.629
2025-09-30,000368,001,权益基金,001003,被动指数型基金,2025-11-25 18:28:10.844
2025-09-30,000371,008,货币型基金,008001,传统货币型基金,2025-11-25 18:28:08.629
2025-09-30,000372,003,债券型基金,003002,中长期纯债型基金,2025-11-25 18:28:08.629
2025-09-30,000373,001,权益基金,001003,被动指数型基金,2025-11-25 18:28:10.844
2025-09-30,000376,001,权益基金,001003,被动指数型基金,2025-11-25 18:28:08.629
2025-09-30,000377,002,固收加基金,002002,混合债券型基金,2025-11-25 18:28:08.629
2025-09-30,000378,002,固收加基金,002002,混合债券型基金,2025-11-25 18:28:08.629
2025-09-30,000379,008,货币型基金,008001,传统货币型基金,2025-11-25 18:28:10.844
2025-09-30,000380,008,货币型基金,008001,传统货币型基金,2025-11-25 18:28:10.844
2025-09-30,000381,008,货币型基金,008001,传统货币型基金,2025-11-25 18:28:12.612
2025-09-30,000385,002,固收加基金,002002,混合债券型基金,2025-11-25 18:28:08.629
2025-09-30,000386,002,固收加基金,002002,混合债券型基金,2025-11-25 18:28:08.629
2025-09-30,000389,008,货币型基金,008001,传统货币型基金,2025-11-25 18:28:08.629
2025-09-30,000390,001,权益基金,001001,主动权益型基金,2025-11-25 18:28:10.844
2025-09-30,000394,003,债券型基金,003001,短期纯债型基金,2025-11-25 18:28:10.844
2025-09-30,000395,003,债券型基金,003002,中长期纯债型基金,2025-11-25 18:28:10.844
2025-09-30,000396,003,债券型基金,003002,中长期纯债型基金,2025-11-25 18:28:08.629
2025-09-30,000397,008,货币型基金,008001,传统货币型基金,2025-11-25 18:28:12.612
2025-06-30,000272,003,债券型基金,003002,中长期纯债型基金,2025-11-25 18:27:58.722
2025-06-30,000273,001,权益基金,001001,主动权益型基金,2025-11-25 18:28:00.195
2025-06-30,000277,003,债券型基金,003002,中长期纯债型基金,2025-11-25 18:27:56.395
2025-06-30,000279,001,权益基金,001001,主动权益型基金,2025-11-25 18:27:58.722
2025-06-30,000286,002,固收加基金,002002,混合债券型基金,2025-11-25 18:27:58.722
2025-06-30,000289,003,债券型基金,003004,债券增强型基金,2025-11-25 18:28:00.195
2025-06-30,000294,001,权益基金,001001,主动权益型基金,2025-11-25 18:27:58.722
2025-06-30,000295,003,债券型基金,003004,债券增强型基金,2025-11-25 18:27:56.395
2025-06-30,000296,003,债券型基金,003004,债券增强型基金,2025-11-25 18:27:56.395
2025-06-30,000297,002,固收加基金,002001,可转债基金,2025-11-25 18:27:58.722
2025-06-30,000298,003,债券型基金,003002,中长期纯债型基金,2025-11-25 18:27:58.722
2025-06-30,000299,003,债券型基金,003002,中长期纯债型基金,2025-11-25 18:27:58.722
2025-06-30,000300,008,货币型基金,008001,传统货币型基金,2025-11-25 18:27:58.722
2025-06-30,000301,008,货币型基金,008001,传统货币型基金,2025-11-25 18:27:58.722
2025-06-30,000305,003,债券型基金,003002,中长期纯债型基金,2025-11-25 18:27:56.395
2025-06-30,000306,003,债券型基金,003004,债券增强型基金,2025-11-25 18:27:56.395
2025-06-30,000308,001,权益基金,001001,主动权益型基金,2025-11-25 18:27:58.722
2025-06-30,000309,001,权益基金,001001,主动权益型基金,2025-11-25 18:28:00.195
2025-06-30,000310,002,固收加基金,002002,混合债券型基金,2025-11-25 18:27:56.395
2025-06-30,000311,001,权益基金,001002,指数增强型基金,2025-11-25 18:27:56.395
2025-06-30,000312,001,权益基金,001002,指数增强型基金,2025-11-25 18:27:58.722
2025-06-30,000313,001,权益基金,001002,指数增强型基金,2025-11-25 18:27:56.395
2025-06-30,000314,001,权益基金,001001,主动权益型基金,2025-11-25 18:27:58.722
2025-06-30,000319,003,债券型基金,003004,债券增强型基金,2025-11-25 18:27:58.722
2025-06-30,000320,003,债券型基金,003004,债券增强型基金,2025-11-25 18:28:00.195
2025-06-30,000322,003,债券型基金,003001,短期纯债型基金,2025-11-25 18:27:58.722
2025-06-30,000324,008,货币型基金,008001,传统货币型基金,2025-11-25 18:27:58.722
2025-06-30,000325,008,货币型基金,008001,传统货币型基金,2025-11-25 18:28:00.195
2025-06-30,000326,001,权益基金,001001,主动权益型基金,2025-11-25 18:28:00.195
2025-06-30,000327,001,权益基金,001001,主动权益型基金,2025-11-25 18:27:56.395
2025-06-30,000328,001,权益基金,001001,主动权益型基金,2025-11-25 18:27:56.395
2025-06-30,000329,003,债券型基金,003004,债券增强型基金,2025-11-25 18:28:00.195
2025-06-30,000330,008,货币型基金,008001,传统货币型基金,2025-11-25 18:27:56.395
2025-06-30,000331,008,货币型基金,008001,传统货币型基金,2025-11-25 18:27:58.722
2025-06-30,000332,008,货币型基金,008001,传统货币型基金,2025-11-25 18:28:00.195
2025-06-30,000333,002,固收加基金,002002,混合债券型基金,2025-11-25 18:28:00.195
2025-06-30,000334,002,固收加基金,002002,混合债券型基金,2025-11-25 18:27:58.722
2025-06-30,000335,002,固收加基金,002002,混合债券型基金,2025-11-25 18:27:58.722
2025-06-30,000336,001,权益基金,001001,主动权益型基金,2025-11-25 18:27:58.722
2025-06-30,000338,002,固收加基金,002002,混合债券型基金,2025-11-25 18:27:58.722
2025-06-30,000339,001,权益基金,001001,主动权益型基金,2025-11-25 18:27:56.395
2025-06-30,000343,008,货币型基金,008001,传统货币型基金,2025-11-25 18:27:58.722
2025-06-30,000345,002,固收加基金,002002,混合债券型基金,2025-11-25 18:27:56.395
2025-06-30,000346,003,债券型基金,003004,债券增强型基金,2025-11-25 18:27:56.395
2025-06-30,000347,003,债券型基金,003004,债券增强型基金,2025-11-25 18:27:58.722
2025-06-30,000351,002,固收加基金,002002,混合债券型基金,2025-11-25 18:28:00.195
2025-06-30,000352,002,固收加基金,002002,混合债券型基金,2025-11-25 18:27:56.395
2025-06-30,000354,001,权益基金,001001,主动权益型基金,2025-11-25 18:27:58.722
2025-06-30,000355,003,债券型基金,003004,债券增强型基金,2025-11-25 18:27:58.722
2025-06-30,000356,003,债券型基金,003004,债券增强型基金,2025-11-25 18:28:00.195
2025-06-30,000359,008,货币型基金,008001,传统货币型基金,2025-11-25 18:27:58.722
2025-06-30,000362,001,权益基金,001001,主动权益型基金,2025-11-25 18:28:00.195
2025-06-30,000363,001,权益基金,001001,主动权益型基金,2025-11-25 18:27:56.395
2025-06-30,000366,008,货币型基金,008001,传统货币型基金,2025-11-25 18:28:00.195
2025-06-30,000367,002,固收加基金,002003,偏债混合型基金,2025-11-25 18:28:00.195
2025-06-30,000368,001,权益基金,001003,被动指数型基金,2025-11-25 18:27:58.722
2025-06-30,000371,008,货币型基金,008001,传统货币型基金,2025-11-25 18:27:58.722
2025-06-30,000372,003,债券型基金,003002,中长期纯债型基金,2025-11-25 18:27:56.395
2025-06-30,000373,001,权益基金,001003,被动指数型基金,2025-11-25 18:27:56.395
2025-06-30,000376,001,权益基金,001003,被动指数型基金,2025-11-25 18:27:58.722
2025-06-30,000377,002,固收加基金,002002,混合债券型基金,2025-11-25 18:27:58.722
2025-06-30,000378,002,固收加基金,002002,混合债券型基金,2025-11-25 18:27:58.722
2025-06-30,000379,008,货币型基金,008001,传统货币型基金,2025-11-25 18:27:56.395
2025-06-30,000380,008,货币型基金,008001,传统货币型基金,2025-11-25 18:27:58.722
2025-06-30,000381,008,货币型基金,008001,传统货币型基金,2025-11-25 18:27:58.722
2025-06-30,000385,002,固收加基金,002002,混合债券型基金,2025-11-25 18:27:56.395
2025-06-30,000386,002,固收加基金,002002,混合债券型基金,2025-11-25 18:27:58.722
2025-06-30,000389,008,货币型基金,008001,传统货币型基金,2025-11-25 18:27:58.722
2025-06-30,000390,001,权益基金,001001,主动权益型基金,2025-11-25 18:27:56.395
2025-06-30,000394,003,债券型基金,003001,短期纯债型基金,2025-11-25 18:27:58.722
2025-06-30,000395,003,债券型基金,003002,中长期纯债型基金,2025-11-25 18:27:58.722
2025-06-30,000396,003,债券型基金,003002,中长期纯债型基金,2025-11-25 18:27:58.722
2025-06-30,000397,008,货币型基金,008001,传统货币型基金,2025-11-25 18:28:00.195
2025-12-31,000398,001,权益基金,001001,主动权益型基金,2026-03-23 03:00:06.638
2025-12-31,000402,003,债券型基金,003002,中长期纯债型基金,2026-03-23 03:00:06.638
2025-12-31,000403,003,债券型基金,003002,中长期纯债型基金,2026-03-23 03:00:06.638
2025-12-31,000404,001,权益基金,001001,主动权益型基金,2026-03-23 03:00:06.638
2025-12-31,000406,002,固收加基金,002002,混合债券型基金,2026-03-23 03:00:06.638
2025-12-31,000407,002,固收加基金,002002,混合债券型基金,2026-03-23 03:00:06.638
2025-12-31,000408,001,权益基金,001001,主动权益型基金,2026-03-23 03:00:06.638
2025-12-31,000409,001,权益基金,001001,主动权益型基金,2026-03-23 03:00:06.638
2025-12-31,000410,004,混合型基金,004004,灵活配置型基金,2026-03-23 03:00:06.638
2025-12-31,000411,001,权益基金,001001,主动权益型基金,2026-03-23 03:00:06.638
2025-12-31,000415,003,债券型基金,003002,中长期纯债型基金,2026-03-23 03:00:06.638
2025-12-31,000416,003,债券型基金,003002,中长期纯债型基金,2026-03-23 03:00:06.638
2025-12-31,000417,004,混合型基金,004004,灵活配置型基金,2026-03-23 03:00:06.638
2025-12-31,000418,001,权益基金,001001,主动权益型基金,2026-03-23 03:00:06.638
2025-12-31,000419,003,债券型基金,003002,中长期纯债型基金,2026-03-23 03:00:06.638
2025-12-31,000420,003,债券型基金,003002,中长期纯债型基金,2026-03-23 03:00:06.638
2025-12-31,000423,001,权益基金,001001,主动权益型基金,2026-03-23 03:00:06.638
2025-12-31,000424,008,货币型基金,008001,传统货币型基金,2026-03-23 03:00:06.638
2025-12-31,000425,008,货币型基金,008001,传统货币型基金,2026-03-23 03:00:06.638
2025-12-31,000431,001,权益基金,001001,主动权益型基金,2026-03-23 03:00:06.638
2025-12-31,000432,001,权益基金,001001,主动权益型基金,2026-03-23 03:00:06.638
2025-12-31,000433,001,权益基金,001001,主动权益型基金,2026-03-23 03:00:06.638
2025-12-31,000434,008,货币型基金,008001,传统货币型基金,2026-03-23 03:00:06.638
2025-12-31,000436,002,固收加基金,002003,偏债混合型基金,2026-03-23 03:00:06.638
2025-12-31,000452,001,权益基金,001001,主动权益型基金,2026-03-23 03:00:06.638
2025-12-31,000457,001,权益基金,001001,主动权益型基金,2026-03-23 03:00:06.638
2025-12-31,000458,001,权益基金,001001,主动权益型基金,2026-03-23 03:00:06.638
2025-12-31,000462,001,权益基金,001001,主动权益型基金,2026-03-23 03:00:06.638
2025-12-31,000464,008,货币型基金,008001,传统货币型基金,2026-03-23 03:00:06.638
2025-12-31,000465,003,债券型基金,003002,中长期纯债型基金,2026-03-23 03:00:06.638
2025-12-31,000469,003,债券型基金,003002,中长期纯债型基金,2026-03-23 03:00:06.638
2025-12-31,000471,001,权益基金,001001,主动权益型基金,2026-03-23 03:00:06.638
2025-12-31,000475,008,货币型基金,008001,传统货币型基金,2026-03-23 03:00:06.638
2025-12-31,000476,008,货币型基金,008001,传统货币型基金,2026-03-23 03:00:06.638
2025-12-31,000477,001,权益基金,001001,主动权益型基金,2026-03-23 03:00:06.638
2025-12-31,000478,001,权益基金,001002,指数增强型基金,2026-03-23 03:00:06.638
2025-12-31,000480,001,权益基金,001001,主动权益型基金,2026-03-23 03:00:06.638
2025-12-31,000483,008,货币型基金,008001,传统货币型基金,2026-03-23 03:00:06.638
2025-12-31,000484,008,货币型基金,008001,传统货币型基金,2026-03-23 03:00:06.638
2025-12-31,000487,003,债券型基金,003001,短期纯债型基金,2026-03-23 03:00:06.638
2025-12-31,000488,003,债券型基金,003001,短期纯债型基金,2026-03-23 03:00:06.638
2025-12-31,000493,008,货币型基金,008001,传统货币型基金,2026-03-23 03:00:06.638
2025-12-31,000494,008,货币型基金,008001,传统货币型基金,2026-03-23 03:00:06.638
2025-12-31,000495,008,货币型基金,008001,传统货币型基金,2026-03-23 03:00:06.638
2025-12-31,000496,001,权益基金,001001,主动权益型基金,2026-03-23 03:00:06.638
2025-12-31,000497,003,债券型基金,003002,中长期纯债型基金,2026-03-23 03:00:06.638
2025-12-31,000503,003,债券型基金,003001,短期纯债型基金,2026-03-23 03:00:06.638
2025-12-31,000504,003,债券型基金,003001,短期纯债型基金,2026-03-23 03:00:06.638
2025-12-31,000505,008,货币型基金,008001,传统货币型基金,2026-03-23 03:00:06.638
2025-12-31,000506,008,货币型基金,008001,传统货币型基金,2026-03-23 03:00:06.638
2025-12-31,000507,002,固收加基金,002003,偏债混合型基金,2026-03-23 03:00:06.638
2025-12-31,000508,002,固收加基金,002003,偏债混合型基金,2026-03-23 03:00:06.638
2025-12-31,000509,008,货币型基金,008001,传统货币型基金,2026-03-23 03:00:06.638
2025-12-31,000511,004,混合型基金,004004,灵活配置型基金,2026-03-23 03:00:06.638
2025-12-31,000512,001,权益基金,001002,指数增强型基金,2026-03-23 03:00:06.638
2025-12-31,000513,001,权益基金,001001,主动权益型基金,2026-03-23 03:00:06.638
2025-12-31,000516,003,债券型基金,003002,中长期纯债型基金,2026-03-23 03:00:06.638
2025-12-31,000517,003,债券型基金,003002,中长期纯债型基金,2026-03-23 03:00:06.638
2025-12-31,000520,001,权益基金,001001,主动权益型基金,2026-03-23 03:00:06.638
2025-12-31,000521,003,债券型基金,003002,中长期纯债型基金,2026-03-23 03:00:06.638
2025-12-31,000522,001,权益基金,001001,主动权益型基金,2026-03-23 03:00:06.638
2025-12-31,000523,001,权益基金,001001,主动权益型基金,2026-03-23 03:00:06.638
2025-12-31,000524,001,权益基金,001001,主动权益型基金,2026-03-23 03:00:06.638
2025-09-30,000398,001,权益基金,001001,主动权益型基金,2025-11-25 18:28:08.629
2025-09-30,000402,003,债券型基金,003002,中长期纯债型基金,2025-11-25 18:28:10.844
2025-09-30,000403,003,债券型基金,003002,中长期纯债型基金,2025-11-25 18:28:10.844
2025-09-30,000404,001,权益基金,001001,主动权益型基金,2025-11-25 18:28:12.612
2025-09-30,000406,002,固收加基金,002002,混合债券型基金,2025-11-25 18:28:10.844
2025-09-30,000407,002,固收加基金,002002,混合债券型基金,2025-11-25 18:28:10.844
2025-09-30,000408,001,权益基金,001001,主动权益型基金,2025-11-25 18:28:08.629
2025-09-30,000409,001,权益基金,001001,主动权益型基金,2025-11-25 18:28:10.844
2025-09-30,000410,004,混合型基金,004004,灵活配置型基金,2025-11-25 18:28:10.844
2025-09-30,000411,001,权益基金,001001,主动权益型基金,2025-11-25 18:28:10.844
2025-09-30,000415,003,债券型基金,003002,中长期纯债型基金,2025-11-25 18:28:10.844
2025-09-30,000416,003,债券型基金,003002,中长期纯债型基金,2025-11-25 18:28:08.629
2025-09-30,000417,004,混合型基金,004004,灵活配置型基金,2025-11-25 18:28:08.629
2025-09-30,000418,001,权益基金,001001,主动权益型基金,2025-11-25 18:28:10.844
2025-09-30,000419,003,债券型基金,003002,中长期纯债型基金,2025-11-25 18:28:08.629
2025-09-30,000420,003,债券型基金,003002,中长期纯债型基金,2025-11-25 18:28:10.844
2025-09-30,000423,001,权益基金,001001,主动权益型基金,2025-11-25 18:28:08.629
2025-09-30,000424,008,货币型基金,008001,传统货币型基金,2025-11-25 18:28:12.612
2025-09-30,000425,008,货币型基金,008001,传统货币型基金,2025-11-25 18:28:10.844
2025-09-30,000431,001,权益基金,001001,主动权益型基金,2025-11-25 18:28:12.612
2025-09-30,000432,001,权益基金,001001,主动权益型基金,2025-11-25 18:28:12.612
2025-09-30,000433,001,权益基金,001001,主动权益型基金,2025-11-25 18:28:08.629
2025-09-30,000434,008,货币型基金,008001,传统货币型基金,2025-11-25 18:28:08.629
2025-09-30,000436,002,固收加基金,002003,偏债混合型基金,2025-11-25 18:28:08.629
2025-09-30,000452,001,权益基金,001001,主动权益型基金,2025-11-25 18:28:12.612
2025-09-30,000457,001,权益基金,001001,主动权益型基金,2025-11-25 18:28:10.844
2025-09-30,000458,001,权益基金,001001,主动权益型基金,2025-11-25 18:28:10.844
2025-09-30,000462,001,权益基金,001001,主动权益型基金,2025-11-25 18:28:10.844
2025-09-30,000464,008,货币型基金,008001,传统货币型基金,2025-11-25 18:28:10.844
2025-09-30,000465,003,债券型基金,003002,中长期纯债型基金,2025-11-25 18:28:12.612
2025-09-30,000469,003,债券型基金,003002,中长期纯债型基金,2025-11-25 18:28:08.629
2025-09-30,000471,001,权益基金,001001,主动权益型基金,2025-11-25 18:28:12.612
2025-09-30,000475,008,货币型基金,008001,传统货币型基金,2025-11-25 18:28:10.844
2025-09-30,000476,008,货币型基金,008001,传统货币型基金,2025-11-25 18:28:10.844
2025-09-30,000477,001,权益基金,001001,主动权益型基金,2025-11-25 18:28:08.629
2025-09-30,000478,001,权益基金,001002,指数增强型基金,2025-11-25 18:28:12.612
2025-09-30,000480,001,权益基金,001001,主动权益型基金,2025-11-25 18:28:08.629
2025-09-30,000483,008,货币型基金,008001,传统货币型基金,2025-11-25 18:28:10.844
2025-09-30,000484,008,货币型基金,008001,传统货币型基金,2025-11-25 18:28:10.844
2025-09-30,000487,003,债券型基金,003001,短期纯债型基金,2025-11-25 18:28:08.629
2025-09-30,000488,003,债券型基金,003001,短期纯债型基金,2025-11-25 18:28:08.629
2025-09-30,000493,008,货币型基金,008001,传统货币型基金,2025-11-25 18:28:10.844
2025-09-30,000494,008,货币型基金,008001,传统货币型基金,2025-11-25 18:28:10.844
2025-09-30,000495,008,货币型基金,008001,传统货币型基金,2025-11-25 18:28:08.629
2025-09-30,000496,001,权益基金,001001,主动权益型基金,2025-11-25 18:28:08.629
2025-09-30,000497,003,债券型基金,003002,中长期纯债型基金,2025-11-25 18:28:08.629
2025-09-30,000503,003,债券型基金,003001,短期纯债型基金,2025-11-25 18:28:12.612
2025-09-30,000504,003,债券型基金,003001,短期纯债型基金,2025-11-25 18:28:08.629
2025-09-30,000505,008,货币型基金,008001,传统货币型基金,2025-11-25 18:28:08.629
2025-09-30,000506,008,货币型基金,008001,传统货币型基金,2025-11-25 18:28:08.629
2025-09-30,000507,002,固收加基金,002003,偏债混合型基金,2025-11-25 18:28:08.629
2025-09-30,000508,002,固收加基金,002003,偏债混合型基金,2025-11-25 18:28:10.844
2025-09-30,000509,008,货币型基金,008001,传统货币型基金,2025-11-25 18:28:10.844
2025-09-30,000511,002,固收加基金,002004,灵活配置型基金,2025-11-25 18:28:10.844
2025-09-30,000512,001,权益基金,001002,指数增强型基金,2025-11-25 18:28:10.844
2025-09-30,000513,001,权益基金,001001,主动权益型基金,2025-11-25 18:28:08.629
2025-09-30,000516,003,债券型基金,003002,中长期纯债型基金,2025-11-25 18:28:12.612
2025-09-30,000517,003,债券型基金,003002,中长期纯债型基金,2025-11-25 18:28:08.629
2025-09-30,000520,001,权益基金,001001,主动权益型基金,2025-11-25 18:28:12.612
2025-09-30,000521,003,债券型基金,003002,中长期纯债型基金,2025-11-25 18:28:08.629
2025-09-30,000522,001,权益基金,001001,主动权益型基金,2025-11-25 18:28:10.844
2025-09-30,000523,001,权益基金,001001,主动权益型基金,2025-11-25 18:28:12.612
2025-09-30,000524,001,权益基金,001001,主动权益型基金,2025-11-25 18:28:08.629
2025-06-30,000398,001,权益基金,001001,主动权益型基金,2025-11-25 18:27:58.722
2025-06-30,000402,003,债券型基金,003002,中长期纯债型基金,2025-11-25 18:27:56.395
2025-06-30,000403,003,债券型基金,003002,中长期纯债型基金,2025-11-25 18:27:56.395
2025-06-30,000404,001,权益基金,001001,主动权益型基金,2025-11-25 18:28:00.195
2025-06-30,000406,002,固收加基金,002002,混合债券型基金,2025-11-25 18:27:58.722
2025-06-30,000407,002,固收加基金,002002,混合债券型基金,2025-11-25 18:27:58.722
2025-06-30,000408,001,权益基金,001001,主动权益型基金,2025-11-25 18:28:00.195
2025-06-30,000409,001,权益基金,001001,主动权益型基金,2025-11-25 18:27:56.395
2025-06-30,000410,002,固收加基金,002004,灵活配置型基金,2025-11-25 18:27:58.722
2025-06-30,000411,001,权益基金,001001,主动权益型基金,2025-11-25 18:27:58.722
2025-06-30,000415,003,债券型基金,003002,中长期纯债型基金,2025-11-25 18:27:56.395
2025-06-30,000416,003,债券型基金,003002,中长期纯债型基金,2025-11-25 18:28:00.195
2025-06-30,000417,004,混合型基金,004004,灵活配置型基金,2025-11-25 18:27:56.395
2025-06-30,000418,001,权益基金,001001,主动权益型基金,2025-11-25 18:27:58.722
2025-06-30,000419,003,债券型基金,003002,中长期纯债型基金,2025-11-25 18:27:58.722
2025-06-30,000420,003,债券型基金,003002,中长期纯债型基金,2025-11-25 18:27:56.395
2025-06-30,000423,001,权益基金,001001,主动权益型基金,2025-11-25 18:28:00.195
2025-06-30,000424,008,货币型基金,008001,传统货币型基金,2025-11-25 18:27:58.722
2025-06-30,000425,008,货币型基金,008001,传统货币型基金,2025-11-25 18:27:58.722
2025-06-30,000431,001,权益基金,001001,主动权益型基金,2025-11-25 18:28:00.195
2025-06-30,000432,001,权益基金,001001,主动权益型基金,2025-11-25 18:28:00.195
2025-06-30,000433,001,权益基金,001001,主动权益型基金,2025-11-25 18:27:58.722
2025-06-30,000434,008,货币型基金,008001,传统货币型基金,2025-11-25 18:27:58.722
2025-06-30,000436,002,固收加基金,002003,偏债混合型基金,2025-11-25 18:27:56.395
2025-06-30,000452,001,权益基金,001001,主动权益型基金,2025-11-25 18:28:00.195
2025-06-30,000457,001,权益基金,001001,主动权益型基金,2025-11-25 18:27:56.395
2025-06-30,000458,001,权益基金,001001,主动权益型基金,2025-11-25 18:27:56.395
2025-06-30,000462,001,权益基金,001001,主动权益型基金,2025-11-25 18:27:56.395
2025-06-30,000464,008,货币型基金,008001,传统货币型基金,2025-11-25 18:27:58.722
2025-06-30,000465,003,债券型基金,003002,中长期纯债型基金,2025-11-25 18:28:00.195
2025-06-30,000469,003,债券型基金,003002,中长期纯债型基金,2025-11-25 18:27:58.722
2025-06-30,000471,001,权益基金,001001,主动权益型基金,2025-11-25 18:27:58.722
2025-06-30,000475,008,货币型基金,008001,传统货币型基金,2025-11-25 18:27:56.395
2025-06-30,000476,008,货币型基金,008001,传统货币型基金,2025-11-25 18:27:56.395
2025-06-30,000477,001,权益基金,001001,主动权益型基金,2025-11-25 18:27:56.395
2025-06-30,000478,001,权益基金,001002,指数增强型基金,2025-11-25 18:28:00.195
2025-06-30,000480,001,权益基金,001001,主动权益型基金,2025-11-25 18:27:58.722
2025-06-30,000483,008,货币型基金,008001,传统货币型基金,2025-11-25 18:27:56.395
2025-06-30,000484,008,货币型基金,008001,传统货币型基金,2025-11-25 18:27:58.722
2025-06-30,000487,003,债券型基金,003001,短期纯债型基金,2025-11-25 18:27:58.722
2025-06-30,000488,003,债券型基金,003001,短期纯债型基金,2025-11-25 18:27:58.722
2025-06-30,000493,008,货币型基金,008001,传统货币型基金,2025-11-25 18:27:58.722
2025-06-30,000494,008,货币型基金,008001,传统货币型基金,2025-11-25 18:27:56.395
2025-06-30,000495,008,货币型基金,008001,传统货币型基金,2025-11-25 18:27:56.395
2025-06-30,000496,001,权益基金,001001,主动权益型基金,2025-11-25 18:27:56.395
2025-06-30,000497,003,债券型基金,003002,中长期纯债型基金,2025-11-25 18:27:58.722
2025-06-30,000503,003,债券型基金,003001,短期纯债型基金,2025-11-25 18:28:00.195
2025-06-30,000504,003,债券型基金,003001,短期纯债型基金,2025-11-25 18:27:56.395
2025-06-30,000505,008,货币型基金,008001,传统货币型基金,2025-11-25 18:28:00.195
2025-06-30,000506,008,货币型基金,008001,传统货币型基金,2025-11-25 18:28:00.195
2025-06-30,000507,002,固收加基金,002003,偏债混合型基金,2025-11-25 18:27:58.722
2025-06-30,000508,002,固收加基金,002003,偏债混合型基金,2025-11-25 18:27:58.722
2025-06-30,000509,008,货币型基金,008001,传统货币型基金,2025-11-25 18:27:58.722
2025-06-30,000511,002,固收加基金,002004,灵活配置型基金,2025-11-25 18:27:56.395
2025-06-30,000512,001,权益基金,001002,指数增强型基金,2025-11-25 18:27:56.395
2025-06-30,000513,001,权益基金,001001,主动权益型基金,2025-11-25 18:27:56.395
2025-06-30,000516,003,债券型基金,003002,中长期纯债型基金,2025-11-25 18:28:00.195
2025-06-30,000517,003,债券型基金,003002,中长期纯债型基金,2025-11-25 18:27:58.722
2025-06-30,000520,001,权益基金,001001,主动权益型基金,2025-11-25 18:27:58.722
2025-06-30,000521,003,债券型基金,003002,中长期纯债型基金,2025-11-25 18:27:58.722
2025-06-30,000522,001,权益基金,001001,主动权益型基金,2025-11-25 18:27:58.722
2025-06-30,000523,001,权益基金,001001,主动权益型基金,2025-11-25 18:27:58.722
2025-06-30,000524,001,权益基金,001001,主动权益型基金,2025-11-25 18:28:00.195
2025-12-31,000526,004,混合型基金,004004,灵活配置型基金,2026-03-23 03:00:06.638
2025-12-31,000527,001,权益基金,001001,主动权益型基金,2026-03-23 03:00:06.638
2025-12-31,000528,008,货币型基金,008001,传统货币型基金,2026-03-23 03:00:06.638
2025-12-31,000529,001,权益基金,001001,主动权益型基金,2026-03-23 03:00:06.638
2025-12-31,000530,004,混合型基金,004004,灵活配置型基金,2026-03-23 03:00:06.638
2025-12-31,000531,001,权益基金,001001,主动权益型基金,2026-03-23 03:00:06.638
2025-12-31,000532,001,权益基金,001001,主动权益型基金,2026-03-23 03:00:06.638
2025-12-31,000533,008,货币型基金,008001,传统货币型基金,2026-03-23 03:00:06.638
2025-12-31,000534,001,权益基金,001001,主动权益型基金,2026-03-23 03:00:06.638
2025-12-31,000535,001,权益基金,001001,主动权益型基金,2026-03-23 03:00:06.638
2025-12-31,000536,002,固收加基金,002001,可转债基金,2026-03-23 03:00:06.638
2025-12-31,000538,001,权益基金,001001,主动权益型基金,2026-03-23 03:00:06.638
2025-12-31,000539,008,货币型基金,008001,传统货币型基金,2026-03-23 03:00:06.638
2025-12-31,000540,008,货币型基金,008001,传统货币型基金,2026-03-23 03:00:06.638
2025-12-31,000541,001,权益基金,001001,主动权益型基金,2026-03-23 03:00:06.638
2025-12-31,000542,008,货币型基金,008001,传统货币型基金,2026-03-23 03:00:06.638
2025-12-31,000543,008,货币型基金,008001,传统货币型基金,2026-03-23 03:00:06.638
2025-12-31,000545,001,权益基金,001001,主动权益型基金,2026-03-23 03:00:06.638
2025-12-31,000546,002,固收加基金,002002,混合债券型基金,2026-03-23 03:00:06.638
2025-12-31,000547,001,权益基金,001001,主动权益型基金,2026-03-23 03:00:06.638
2025-12-31,000548,008,货币型基金,008001,传统货币型基金,2026-03-23 03:00:06.638
2025-12-31,000549,001,权益基金,001001,主动权益型基金,2026-03-23 03:00:06.638
2025-12-31,000550,001,权益基金,001001,主动权益型基金,2026-03-23 03:00:06.638
2025-12-31,000551,001,权益基金,001001,主动权益型基金,2026-03-23 03:00:06.638
2025-12-31,000552,003,债券型基金,003002,中长期纯债型基金,2026-03-23 03:00:06.638
2025-12-31,000553,003,债券型基金,003002,中长期纯债型基金,2026-03-23 03:00:06.638
2025-12-31,000554,001,权益基金,001001,主动权益型基金,2026-03-23 03:00:06.638
2025-12-31,000556,002,固收加基金,002004,灵活配置型基金,2026-03-23 03:00:06.638
2025-12-31,000557,002,固收加基金,002004,灵活配置型基金,2026-03-23 03:00:06.638
2025-12-31,000559,008,货币型基金,008001,传统货币型基金,2026-03-23 03:00:06.638
2025-12-31,000560,008,货币型基金,008001,传统货币型基金,2026-03-23 03:00:06.638
2025-12-31,000561,003,债券型基金,003002,中长期纯债型基金,2026-03-23 03:00:06.638
2025-12-31,000562,003,债券型基金,003002,中长期纯债型基金,2026-03-23 03:00:06.638
2025-12-31,000563,003,债券型基金,003002,中长期纯债型基金,2026-03-23 03:00:06.638
2025-12-31,000564,003,债券型基金,003002,中长期纯债型基金,2026-03-23 03:00:06.638
2025-12-31,000566,001,权益基金,001001,主动权益型基金,2026-03-23 03:00:06.638
2025-12-31,000567,004,混合型基金,004004,灵活配置型基金,2026-03-23 03:00:06.638
2025-12-31,000569,008,货币型基金,008001,传统货币型基金,2026-03-23 03:00:06.638
2025-12-31,000572,002,固收加基金,002004,灵活配置型基金,2026-03-23 03:00:06.638
2025-12-31,000573,001,权益基金,001001,主动权益型基金,2026-03-23 03:00:06.638
2025-12-31,000574,001,权益基金,001001,主动权益型基金,2026-03-23 03:00:06.638
2025-12-31,000575,008,货币型基金,008001,传统货币型基金,2026-03-23 03:00:06.638
2025-12-31,000576,008,货币型基金,008001,传统货币型基金,2026-03-23 03:00:06.638
2025-12-31,000577,001,权益基金,001001,主动权益型基金,2026-03-23 03:00:06.638
2025-12-31,000578,002,固收加基金,002002,混合债券型基金,2026-03-23 03:00:06.638
2025-12-31,000579,002,固收加基金,002002,混合债券型基金,2026-03-23 03:00:06.638
2025-12-31,000580,008,货币型基金,008001,传统货币型基金,2026-03-23 03:00:06.638
2025-12-31,000581,008,货币型基金,008001,传统货币型基金,2026-03-23 03:00:06.638
2025-12-31,000583,002,固收加基金,002002,混合债券型基金,2026-03-23 03:00:06.638
2025-12-31,000584,001,权益基金,001001,主动权益型基金,2026-03-23 03:00:06.638
2025-12-31,000586,001,权益基金,001001,主动权益型基金,2026-03-23 03:00:06.638
2025-12-31,000587,001,权益基金,001001,主动权益型基金,2026-03-23 03:00:06.638
2025-12-31,000588,008,货币型基金,008001,传统货币型基金,2026-03-23 03:00:06.638
2025-12-31,000589,001,权益基金,001001,主动权益型基金,2026-03-23 03:00:06.638
2025-12-31,000590,002,固收加基金,002004,灵活配置型基金,2026-03-23 03:00:06.638
2025-12-31,000591,001,权益基金,001001,主动权益型基金,2026-03-23 03:00:06.638
2025-12-31,000592,001,权益基金,001001,主动权益型基金,2026-03-23 03:00:06.638
2025-12-31,000594,001,权益基金,001001,主动权益型基金,2026-03-23 03:00:06.638
2025-12-31,000595,001,权益基金,001001,主动权益型基金,2026-03-23 03:00:06.638
2025-12-31,000596,001,权益基金,001003,被动指数型基金,2026-03-23 03:00:06.638
2025-12-31,000597,002,固收加基金,002004,灵活配置型基金,2026-03-23 03:00:06.638
2025-12-31,000598,001,权益基金,001001,主动权益型基金,2026-03-23 03:00:06.638
2025-12-31,000599,008,货币型基金,008001,传统货币型基金,2026-03-23 03:00:06.638
2025-12-31,000600,008,货币型基金,008001,传统货币型基金,2026-03-23 03:00:06.638
2025-12-31,000601,001,权益基金,001001,主动权益型基金,2026-03-23 03:00:06.638
2025-12-31,000602,008,货币型基金,008001,传统货币型基金,2026-03-23 03:00:06.638
2025-12-31,000603,001,权益基金,001001,主动权益型基金,2026-03-23 03:00:06.638
2025-12-31,000604,008,货币型基金,008001,传统货币型基金,2026-03-23 03:00:06.638
2025-12-31,000605,008,货币型基金,008001,传统货币型基金,2026-03-23 03:00:06.638
2025-12-31,000606,003,债券型基金,003002,中长期纯债型基金,2026-03-23 03:00:06.638
2025-12-31,000607,008,货币型基金,008001,传统货币型基金,2026-03-23 03:00:06.638
2025-12-31,000609,001,权益基金,001001,主动权益型基金,2026-03-23 03:00:06.638
2025-12-31,000612,001,权益基金,001001,主动权益型基金,2026-03-23 03:00:06.638
2025-12-31,000613,001,权益基金,001003,被动指数型基金,2026-03-23 03:00:06.638
2025-12-31,000615,008,货币型基金,008001,传统货币型基金,2026-03-23 03:00:06.638
2025-12-31,000618,008,货币型基金,008001,传统货币型基金,2026-03-23 03:00:06.638
2025-12-31,000619,001,权益基金,001001,主动权益型基金,2026-03-23 03:00:06.638
2025-12-31,000620,008,货币型基金,008001,传统货币型基金,2026-03-23 03:00:06.638
2025-12-31,000621,008,货币型基金,008001,传统货币型基金,2026-03-23 03:00:06.638
2025-12-31,000625,008,货币型基金,008001,传统货币型基金,2026-03-23 03:00:06.638
2025-12-31,000626,008,货币型基金,008001,传统货币型基金,2026-03-23 03:00:06.638
2025-12-31,000627,008,货币型基金,008001,传统货币型基金,2026-03-23 03:00:06.638
2025-12-31,000634,001,权益基金,001001,主动权益型基金,2026-03-23 03:00:06.638
2025-12-31,000638,008,货币型基金,008001,传统货币型基金,2026-03-23 03:00:06.638
2025-12-31,000639,002,固收加基金,002003,偏债混合型基金,2026-03-23 03:00:06.638
2025-12-31,000640,008,货币型基金,008001,传统货币型基金,2026-03-23 03:00:06.638
2025-12-31,000641,008,货币型基金,008001,传统货币型基金,2026-03-23 03:00:06.638
2025-09-30,000526,004,混合型基金,004004,灵活配置型基金,2025-11-25 18:28:08.629
2025-09-30,000527,001,权益基金,001001,主动权益型基金,2025-11-25 18:28:10.844
2025-09-30,000528,008,货币型基金,008001,传统货币型基金,2025-11-25 18:28:12.612
2025-09-30,000529,001,权益基金,001001,主动权益型基金,2025-11-25 18:28:12.612
2025-09-30,000530,004,混合型基金,004004,灵活配置型基金,2025-11-25 18:28:10.844
2025-09-30,000531,001,权益基金,001001,主动权益型基金,2025-11-25 18:28:08.629
2025-09-30,000532,001,权益基金,001001,主动权益型基金,2025-11-25 18:28:08.629
2025-09-30,000533,008,货币型基金,008001,传统货币型基金,2025-11-25 18:28:08.629
2025-09-30,000534,001,权益基金,001001,主动权益型基金,2025-11-25 18:28:08.629
2025-09-30,000535,001,权益基金,001001,主动权益型基金,2025-11-25 18:28:12.612
2025-09-30,000536,002,固收加基金,002001,可转债基金,2025-11-25 18:28:12.612
2025-09-30,000538,001,权益基金,001001,主动权益型基金,2025-11-25 18:28:10.844
2025-09-30,000539,008,货币型基金,008001,传统货币型基金,2025-11-25 18:28:08.629
2025-09-30,000540,008,货币型基金,008001,传统货币型基金,2025-11-25 18:28:10.844
2025-09-30,000541,001,权益基金,001001,主动权益型基金,2025-11-25 18:28:12.612
2025-09-30,000542,008,货币型基金,008001,传统货币型基金,2025-11-25 18:28:12.612
2025-09-30,000543,008,货币型基金,008001,传统货币型基金,2025-11-25 18:28:12.612
2025-09-30,000545,001,权益基金,001001,主动权益型基金,2025-11-25 18:28:10.844
2025-09-30,000546,002,固收加基金,002002,混合债券型基金,2025-11-25 18:28:08.629
2025-09-30,000547,001,权益基金,001001,主动权益型基金,2025-11-25 18:28:08.629
2025-09-30,000548,008,货币型基金,008001,传统货币型基金,2025-11-25 18:28:10.844
2025-09-30,000549,001,权益基金,001001,主动权益型基金,2025-11-25 18:28:08.629
2025-09-30,000550,001,权益基金,001001,主动权益型基金,2025-11-25 18:28:10.844
2025-09-30,000551,001,权益基金,001001,主动权益型基金,2025-11-25 18:28:08.629
2025-09-30,000552,003,债券型基金,003002,中长期纯债型基金,2025-11-25 18:28:08.629
2025-09-30,000553,003,债券型基金,003002,中长期纯债型基金,2025-11-25 18:28:10.844
2025-09-30,000554,001,权益基金,001001,主动权益型基金,2025-11-25 18:28:12.612
2025-09-30,000556,002,固收加基金,002004,灵活配置型基金,2025-11-25 18:28:08.629
2025-09-30,000557,002,固收加基金,002004,灵活配置型基金,2025-11-25 18:28:08.629
2025-09-30,000559,008,货币型基金,008001,传统货币型基金,2025-11-25 18:28:10.844
2025-09-30,000560,008,货币型基金,008001,传统货币型基金,2025-11-25 18:28:10.844
2025-09-30,000561,003,债券型基金,003002,中长期纯债型基金,2025-11-25 18:28:10.844
2025-09-30,000562,003,债券型基金,003002,中长期纯债型基金,2025-11-25 18:28:10.844
2025-09-30,000563,003,债券型基金,003002,中长期纯债型基金,2025-11-25 18:28:10.844
2025-09-30,000564,003,债券型基金,003002,中长期纯债型基金,2025-11-25 18:28:08.629
2025-09-30,000566,001,权益基金,001001,主动权益型基金,2025-11-25 18:28:08.629
2025-09-30,000567,004,混合型基金,004004,灵活配置型基金,2025-11-25 18:28:08.629
2025-09-30,000569,008,货币型基金,008001,传统货币型基金,2025-11-25 18:28:10.844
2025-09-30,000572,002,固收加基金,002004,灵活配置型基金,2025-11-25 18:28:08.629
2025-09-30,000573,001,权益基金,001001,主动权益型基金,2025-11-25 18:28:10.844
2025-09-30,000574,004,混合型基金,004004,灵活配置型基金,2025-11-25 18:28:10.844
2025-09-30,000575,008,货币型基金,008001,传统货币型基金,2025-11-25 18:28:10.844
2025-09-30,000576,008,货币型基金,008001,传统货币型基金,2025-11-25 18:28:10.844
2025-09-30,000577,001,权益基金,001001,主动权益型基金,2025-11-25 18:28:10.844
2025-09-30,000578,002,固收加基金,002002,混合债券型基金,2025-11-25 18:28:10.844
2025-09-30,000579,002,固收加基金,002002,混合债券型基金,2025-11-25 18:28:08.629
2025-09-30,000580,008,货币型基金,008001,传统货币型基金,2025-11-25 18:28:12.612
2025-09-30,000581,008,货币型基金,008001,传统货币型基金,2025-11-25 18:28:12.612
2025-09-30,000583,002,固收加基金,002002,混合债券型基金,2025-11-25 18:28:10.844
2025-09-30,000584,001,权益基金,001001,主动权益型基金,2025-11-25 18:28:10.844
2025-09-30,000586,001,权益基金,001001,主动权益型基金,2025-11-25 18:28:08.629
2025-09-30,000587,001,权益基金,001001,主动权益型基金,2025-11-25 18:28:08.629
2025-09-30,000588,008,货币型基金,008001,传统货币型基金,2025-11-25 18:28:08.629
2025-09-30,000589,001,权益基金,001001,主动权益型基金,2025-11-25 18:28:08.629
2025-09-30,000590,002,固收加基金,002004,灵活配置型基金,2025-11-25 18:28:10.844
2025-09-30,000591,001,权益基金,001001,主动权益型基金,2025-11-25 18:28:08.629
2025-09-30,000592,001,权益基金,001001,主动权益型基金,2025-11-25 18:28:08.629
2025-09-30,000594,001,权益基金,001001,主动权益型基金,2025-11-25 18:28:08.629
2025-09-30,000595,001,权益基金,001001,主动权益型基金,2025-11-25 18:28:08.629
2025-09-30,000596,001,权益基金,001003,被动指数型基金,2025-11-25 18:28:12.612
2025-09-30,000597,002,固收加基金,002004,灵活配置型基金,2025-11-25 18:28:08.629
2025-09-30,000598,001,权益基金,001001,主动权益型基金,2025-11-25 18:28:10.844
2025-09-30,000599,008,货币型基金,008001,传统货币型基金,2025-11-25 18:28:08.629
2025-09-30,000600,008,货币型基金,008001,传统货币型基金,2025-11-25 18:28:10.844
2025-09-30,000601,001,权益基金,001001,主动权益型基金,2025-11-25 18:28:08.629
2025-09-30,000602,008,货币型基金,008001,传统货币型基金,2025-11-25 18:28:10.844
2025-09-30,000603,001,权益基金,001001,主动权益型基金,2025-11-25 18:28:08.629
2025-09-30,000604,008,货币型基金,008001,传统货币型基金,2025-11-25 18:28:10.844
2025-09-30,000605,008,货币型基金,008001,传统货币型基金,2025-11-25 18:28:12.612
2025-09-30,000606,003,债券型基金,003002,中长期纯债型基金,2025-11-25 18:28:10.844
2025-09-30,000607,008,货币型基金,008001,传统货币型基金,2025-11-25 18:28:12.612
2025-09-30,000609,001,权益基金,001001,主动权益型基金,2025-11-25 18:28:10.844
2025-09-30,000612,001,权益基金,001001,主动权益型基金,2025-11-25 18:28:10.844
2025-09-30,000613,001,权益基金,001003,被动指数型基金,2025-11-25 18:28:12.612
2025-09-30,000615,008,货币型基金,008001,传统货币型基金,2025-11-25 18:28:10.844
2025-09-30,000618,008,货币型基金,008001,传统货币型基金,2025-11-25 18:28:08.629
2025-09-30,000619,001,权益基金,001001,主动权益型基金,2025-11-25 18:28:10.844
2025-09-30,000620,008,货币型基金,008001,传统货币型基金,2025-11-25 18:28:10.844
2025-09-30,000621,008,货币型基金,008001,传统货币型基金,2025-11-25 18:28:10.844
2025-09-30,000625,008,货币型基金,008001,传统货币型基金,2025-11-25 18:28:12.612
2025-09-30,000626,008,货币型基金,008001,传统货币型基金,2025-11-25 18:28:10.844
2025-09-30,000627,008,货币型基金,008001,传统货币型基金,2025-11-25 18:28:10.844
2025-09-30,000634,001,权益基金,001001,主动权益型基金,2025-11-25 18:28:08.629
2025-09-30,000638,008,货币型基金,008001,传统货币型基金,2025-11-25 18:28:10.844
2025-09-30,000639,002,固收加基金,002003,偏债混合型基金,2025-11-25 18:28:12.612
2025-09-30,000640,008,货币型基金,008001,传统货币型基金,2025-11-25 18:28:10.844
2025-09-30,000641,008,货币型基金,008001,传统货币型基金,2025-11-25 18:28:10.844
2025-06-30,000526,004,混合型基金,004004,灵活配置型基金,2025-11-25 18:27:58.722
2025-06-30,000527,001,权益基金,001001,主动权益型基金,2025-11-25 18:27:56.395
2025-06-30,000528,008,货币型基金,008001,传统货币型基金,2025-11-25 18:27:58.722
2025-06-30,000529,001,权益基金,001001,主动权益型基金,2025-11-25 18:28:00.195
2025-06-30,000530,004,混合型基金,004004,灵活配置型基金,2025-11-25 18:27:56.395
2025-06-30,000531,001,权益基金,001001,主动权益型基金,2025-11-25 18:27:56.395
2025-06-30,000532,001,权益基金,001001,主动权益型基金,2025-11-25 18:27:58.722
2025-06-30,000533,008,货币型基金,008001,传统货币型基金,2025-11-25 18:27:56.395
2025-06-30,000534,001,权益基金,001001,主动权益型基金,2025-11-25 18:27:58.722
2025-06-30,000535,001,权益基金,001001,主动权益型基金,2025-11-25 18:27:58.722
2025-06-30,000536,002,固收加基金,002001,可转债基金,2025-11-25 18:27:58.722
2025-06-30,000538,001,权益基金,001001,主动权益型基金,2025-11-25 18:27:56.395
2025-06-30,000539,008,货币型基金,008001,传统货币型基金,2025-11-25 18:27:56.395
2025-06-30,000540,008,货币型基金,008001,传统货币型基金,2025-11-25 18:27:58.722
2025-06-30,000541,001,权益基金,001001,主动权益型基金,2025-11-25 18:27:58.722
2025-06-30,000542,008,货币型基金,008001,传统货币型基金,2025-11-25 18:28:00.195
2025-06-30,000543,008,货币型基金,008001,传统货币型基金,2025-11-25 18:27:58.722
2025-06-30,000545,001,权益基金,001001,主动权益型基金,2025-11-25 18:27:56.395
2025-06-30,000546,002,固收加基金,002002,混合债券型基金,2025-11-25 18:27:58.722
2025-06-30,000547,001,权益基金,001001,主动权益型基金,2025-11-25 18:28:00.195
2025-06-30,000548,008,货币型基金,008001,传统货币型基金,2025-11-25 18:27:56.395
2025-06-30,000549,001,权益基金,001001,主动权益型基金,2025-11-25 18:27:58.722
2025-06-30,000550,001,权益基金,001001,主动权益型基金,2025-11-25 18:27:56.395
2025-06-30,000551,001,权益基金,001001,主动权益型基金,2025-11-25 18:28:00.195
2025-06-30,000552,003,债券型基金,003002,中长期纯债型基金,2025-11-25 18:27:56.395
2025-06-30,000553,003,债券型基金,003002,中长期纯债型基金,2025-11-25 18:27:56.395
2025-06-30,000554,001,权益基金,001001,主动权益型基金,2025-11-25 18:27:58.722
2025-06-30,000556,002,固收加基金,002004,灵活配置型基金,2025-11-25 18:27:58.722
2025-06-30,000557,002,固收加基金,002004,灵活配置型基金,2025-11-25 18:27:58.722
2025-06-30,000559,008,货币型基金,008001,传统货币型基金,2025-11-25 18:27:56.395
2025-06-30,000560,008,货币型基金,008001,传统货币型基金,2025-11-25 18:27:56.395
2025-06-30,000561,003,债券型基金,003002,中长期纯债型基金,2025-11-25 18:27:58.722
2025-06-30,000562,003,债券型基金,003002,中长期纯债型基金,2025-11-25 18:27:56.395
2025-06-30,000563,003,债券型基金,003002,中长期纯债型基金,2025-11-25 18:27:56.395
2025-06-30,000564,003,债券型基金,003002,中长期纯债型基金,2025-11-25 18:28:00.195
2025-06-30,000566,001,权益基金,001001,主动权益型基金,2025-11-25 18:27:58.722
2025-06-30,000567,004,混合型基金,004004,灵活配置型基金,2025-11-25 18:28:00.195
2025-06-30,000569,008,货币型基金,008001,传统货币型基金,2025-11-25 18:27:56.395
2025-06-30,000572,002,固收加基金,002004,灵活配置型基金,2025-11-25 18:27:58.722
2025-06-30,000573,001,权益基金,001001,主动权益型基金,2025-11-25 18:27:56.395
2025-06-30,000574,004,混合型基金,004004,灵活配置型基金,2025-11-25 18:27:56.395
2025-06-30,000575,008,货币型基金,008001,传统货币型基金,2025-11-25 18:27:56.395
2025-06-30,000576,008,货币型基金,008001,传统货币型基金,2025-11-25 18:27:58.722
2025-06-30,000577,001,权益基金,001001,主动权益型基金,2025-11-25 18:27:58.722
2025-06-30,000578,002,固收加基金,002002,混合债券型基金,2025-11-25 18:27:56.395
2025-06-30,000579,002,固收加基金,002002,混合债券型基金,2025-11-25 18:27:56.395
2025-06-30,000580,008,货币型基金,008001,传统货币型基金,2025-11-25 18:27:58.722
2025-06-30,000581,008,货币型基金,008001,传统货币型基金,2025-11-25 18:27:58.722
2025-06-30,000583,003,债券型基金,003004,债券增强型基金,2025-11-25 18:27:58.722
2025-06-30,000584,001,权益基金,001001,主动权益型基金,2025-11-25 18:27:56.395
2025-06-30,000586,001,权益基金,001001,主动权益型基金,2025-11-25 18:27:58.722
2025-06-30,000587,001,权益基金,001001,主动权益型基金,2025-11-25 18:27:58.722
2025-06-30,000588,008,货币型基金,008001,传统货币型基金,2025-11-25 18:27:58.722
2025-06-30,000589,001,权益基金,001001,主动权益型基金,2025-11-25 18:27:58.722
2025-06-30,000590,002,固收加基金,002004,灵活配置型基金,2025-11-25 18:27:56.395
2025-06-30,000591,001,权益基金,001001,主动权益型基金,2025-11-25 18:28:00.195
2025-06-30,000592,001,权益基金,001001,主动权益型基金,2025-11-25 18:27:56.395
2025-06-30,000594,001,权益基金,001001,主动权益型基金,2025-11-25 18:27:58.722
2025-06-30,000595,001,权益基金,001001,主动权益型基金,2025-11-25 18:27:58.722
2025-06-30,000596,001,权益基金,001003,被动指数型基金,2025-11-25 18:28:00.195
2025-06-30,000597,002,固收加基金,002004,灵活配置型基金,2025-11-25 18:27:58.722
2025-06-30,000598,001,权益基金,001001,主动权益型基金,2025-11-25 18:27:56.395
2025-06-30,000599,008,货币型基金,008001,传统货币型基金,2025-11-25 18:27:56.395
2025-06-30,000600,008,货币型基金,008001,传统货币型基金,2025-11-25 18:27:56.395
2025-06-30,000601,001,权益基金,001001,主动权益型基金,2025-11-25 18:27:58.722
2025-06-30,000602,008,货币型基金,008001,传统货币型基金,2025-11-25 18:27:56.395
2025-06-30,000603,001,权益基金,001001,主动权益型基金,2025-11-25 18:28:00.195
2025-06-30,000604,008,货币型基金,008001,传统货币型基金,2025-11-25 18:27:56.395
2025-06-30,000605,008,货币型基金,008001,传统货币型基金,2025-11-25 18:27:58.722
2025-06-30,000606,003,债券型基金,003002,中长期纯债型基金,2025-11-25 18:27:58.722
2025-06-30,000607,008,货币型基金,008001,传统货币型基金,2025-11-25 18:28:00.195
2025-06-30,000609,001,权益基金,001001,主动权益型基金,2025-11-25 18:27:56.395
2025-06-30,000612,001,权益基金,001001,主动权益型基金,2025-11-25 18:27:58.722
2025-06-30,000613,001,权益基金,001003,被动指数型基金,2025-11-25 18:28:00.195
2025-06-30,000615,008,货币型基金,008001,传统货币型基金,2025-11-25 18:27:56.395
2025-06-30,000618,008,货币型基金,008001,传统货币型基金,2025-11-25 18:27:58.722
2025-06-30,000619,001,权益基金,001001,主动权益型基金,2025-11-25 18:27:58.722
2025-06-30,000620,008,货币型基金,008001,传统货币型基金,2025-11-25 18:27:56.395
2025-06-30,000621,008,货币型基金,008001,传统货币型基金,2025-11-25 18:27:56.395
2025-06-30,000625,008,货币型基金,008001,传统货币型基金,2025-11-25 18:28:00.195
2025-06-30,000626,008,货币型基金,008001,传统货币型基金,2025-11-25 18:27:56.395
2025-06-30,000627,008,货币型基金,008001,传统货币型基金,2025-11-25 18:27:58.722
2025-06-30,000634,001,权益基金,001001,主动权益型基金,2025-11-25 18:28:00.195
2025-06-30,000638,008,货币型基金,008001,传统货币型基金,2025-11-25 18:27:58.722
2025-06-30,000639,002,固收加基金,002003,偏债混合型基金,2025-11-25 18:28:00.195
2025-06-30,000640,008,货币型基金,008001,传统货币型基金,2025-11-25 18:27:56.395
2025-06-30,000641,008,货币型基金,008001,传统货币型基金,2025-11-25 18:27:56.395
